fu_element 1;fu_A1;fu_Z1;fu_element 2;fu_A2;fu_Z2;fu_element;fu_A;fu_Z;fu_MeV;fi_element;fi_A;fi_Z;element 1;fi_A1;fi_Z1;fi_element 2;fi_A2;fi_Z2;fi_MeV
Н;1;1;D;2;1;He;3;2;5,493;Sr;84;38;Si;30;14;Cr;54;24;0,6856
D;2;1;D;2;1;Не;4;2;23,8472;Sr;84;38;S;34;16;Ti;50;22;0,6716
Н;1;1;Ag;107;47;Cd;108;48;8,1925;Zr;94;40;Ca;46;20;Ca;48;20;0,082
Н;1;1;Ag;109;47;Cd;110;48;8,9004;Zr;96;40;Ca;48;20;Ca;48;20;3,236
D;2;1;Ag;109;47;Cd;111;48;13,3129;Mo;92;42;Si;30;14;Ni;62;28;3,8974
Не;4;2;Ag;109;47;In;113;49;2,8159;Mo;92;42;Si;28;14;Ni;64;28;1,3078
Li;7;3;Ag;107;47;Sn;114;50;13,9864;Mo;94;42;Si;30;14;Ni;64;28;2,8131
Li;6;3;Ag;109;47;Sn;115;50;15,1796;Mo;92;42;S;34;16;Fe;58;26;4,8
Li;7;3;Ag;109;47;Sn;116;50;17,3211;Mo;92;42;Cl;37;17;Mn;55;25;2,1797
B;11;5;Ag;109;47;Te;120;52;8,8445;Mo;92;42;Ar;40;18;Cr;52;24;3,1596
Н;1;1;Al;27;13;Si;28;14;11,5813;Mo;92;42;Ar;38;18;Cr;54;24;4,365
D;2;1;Al;27;13;Si;29;14;17,8344;Mo;94;42;Ar;40;18;Cr;54;24;3,2388
Не;4;2;Al;27;13;P;31;15;9,6643;Mo;92;42;K;41;19;V;51;23;0,4443
Li;6;3;Al;27;13;S;33;16;23,4737;Mo;92;42;Ca;44;20;Ti;48;22;2,6566
Li;7;3;Al;27;13;S;34;16;27,6421;Mo;94;42;Ca;46;20;Ti;48;22;2,8904
B;11;5;Al;27;13;Ar;38;18;26,189;Mo;96;42;Ca;48;20;Ti;48;22;3,9486
C;12;6;Al;27;13;K;39;19;16,6002;Mo;95;42;Ca;46;20;Ti;49;22;3,8787
C;13;6;Al;27;13;K;40;19;19,4505;Mo;97;42;Ca;48;20;Ti;49;22;5,1418
N;15;7;Al;27;13;Ca;42;20;21,4383;Mo;92;42;Ca;42;20;Ti;50;22;2,6753
O;18;8;Al;27;13;Sc;45;21;23,0787;Mo;94;42;Ca;44;20;Ti;50;22;4,1545
F;19;9;Al;27;13;Ti;46;22;25,4363;Mo;96;42;Ca;46;20;Ti;50;22;5,6551
Na;23;11;Al;27;13;Cr;50;24;23,5267;Mo;98;42;Ca;48;20;Ti;50;22;7,7845
Al;27;13;Al;27;13;Fe;54;26;21,8426;Mo;95;42;Ti;47;22;Ca;48;20;1,4895
Н;1;1;Ar;38;18;K;39;19;6,3677;Ru;96;44;Mg;26;12;Ge;70;32;0,5887
D;2;1;Ar;38;18;K;40;19;11,9408;Ru;96;44;Mg;24;12;Ge;72;32;0,4406
Н;1;1;Ar;40;18;K;41;19;7,8003;Ru;98;44;Mg;26;12;Ge;72;32;0,7703
Не;4;2;Ar;36;18;Ca;40;20;7,044;Ru;99;44;Mg;26;12;Ge;73;32;0,1202
Не;4;2;Ar;38;18;Ca;42;20;6,241;Ru;96;44;Al;27;13;Ga;69;31;0,3568
He;3;2;Ar;40;18;Ca;43;20;18,289;Ru;96;44;Si;30;14;Zn;66;30;7,2573
Не;4;2;Ar;40;18;Ca;44;20;8,8464;Ru;96;44;Si;29;14;Zn;67;30;3,6887
Li;7;3;Ar;38;18;Sc;45;21;21,2483;Ru;96;44;Si;28;14;Zn;68;30;5,4101
Be;9;4;Ar;38;18;Ti;47;22;21,5669;Ru;98;44;Si;30;14;Zn;68;30;6,4031
Be;9;4;Ar;40;18;Ti;49;22;24,8737;Ru;98;44;Si;28;14;Zn;70;30;3,0041
B;10;5;Ar;40;18;V;50;23;26,229;Ru;99;44;Si;29;14;Zn;70;30;3,9505
B;11;5;Ar;40;18;V;51;23;25,8126;Ru;100;44;Si;30;14;Zn;70;30;3,6431
C;12;6;Ar;38;18;Cr;50;24;15,5317;Ru;96;44;P;31;15;Cu;65;29;5,6365
C;12;6;Ar;40;18;Cr;52;24;20,3718;Ru;96;44;S;34;16;Ni;62;28;10,6097
C;13;6;Ar;40;18;Cr;53;24;23,3684;Ru;96;44;S;32;16;Ni;64;28;7,0486
N;15;7;Ar;40;18;Mn;55;25;22,7639;Ru;98;44;S;34;16;Ni;64;28;9,0131
O;18;8;Ar;36;18;Fe;54;26;25,2314;Ru;96;44;Cl;37;17;Co;59;27;7,9307
O;16;8;Ar;38;18;Fe;54;26;16,7846;Ru;96;44;Ar;40;18;Fe;56;26;9,5795
O;18;8;Ar;38;18;Fe;56;26;25,1066;Ru;96;44;Ar;38;18;Fe;58;26;10,8081
O;16;8;Ar;40;18;Fe;56;26;20,8347;Ru;98;44;Ar;40;18;Fe;58;26;9,1696
O;17;8;Ar;40;18;Fe;57;26;24,3344;Ru;96;44;K;41;19;Mn;55;25;7,1828
O;18;8;Ar;40;18;Fe;58;26;26,3352;Ru;96;44;Ca;46;20;Cr;50;24;7,3215
F;19;9;Ar;40;18;Co;59;27;25,7083;Ru;98;44;Ca;48;20;Cr;50;24;6,6006
Ne;22;10;Ar;36;18;Ni;58;28;21,9749;Ru;96;44;Ca;44;20;Cr;52;24;10,8016
Ne;20;10;Ar;38;18;Ni;58;28;18,4669;Ru;98;44;Ca;46;20;Cr;52;24;10,5231
Ne;22;10;Ar;38;18;Ni;60;28;21,729;Ru;100;44;Ca;48;20;Cr;52;24;9,4481
Ne;20;10;Ar;40;18;Ni;60;28;22,3959;Ru;96;44;Ca;43;20;Cr;53;24;7,6094
Ne;21;10;Ar;40;18;Ni;61;28;23,4587;Ru;99;44;Ca;46;20;Cr;53;24;10,9357
Ne;22;10;Ar;40;18;Ni;62;28;23,6823;Ru;101;44;Ca;48;20;Cr;53;24;10,3452
Na;23;11;Ar;40;18;Cu;63;29;21,0164;Ru;96;44;Ca;42;20;Cr;54;24;9,4016
Mg;26;12;Ar;38;18;Zn;64;30;15,0632;Ru;98;44;Ca;44;20;Cr;54;24;10,3685
Mg;24;12;Ar;40;18;Zn;64;30;17,0314;Ru;100;44;Ca;46;20;Cr;54;24;9,736
Mg;26;12;Ar;40;18;Zn;66;30;17,6304;Ru;102;44;Ca;48;20;Cr;54;24;11,6232
Si;30;14;Ar;40;18;Ge;70;32;10,9618;Ru;96;44;Sc;45;21;V;51;23;7,1753
S;34;16;Ar;40;18;Se;74;34;7,2647;Ru;96;44;Ti;48;22;Ti;48;22;10,9022
Ar;38;18;Ar;40;18;Kr;78;36;4,4162;Ru;96;44;Ti;47;22;Ti;49;22;7,4287
Ar;40;18;Ar;40;18;Kr;80;36;7,8106;Ru;98;44;Ti;49;22;Ti;49;22;9,097
Н;1;1;As;75;33;Se;76;34;9,4789;Ru;96;44;Ti;46;22;Ti;50;22;9,4798
D;2;1;As;75;33;Se;77;34;14,6692;Ru;98;44;Ti;48;22;Ti;50;22;11,8877
Не;4;2;As;75;33;Br;79;35;5,4353;Ru;99;44;Ti;49;22;Ti;50;22;12,5034
Li;7;3;As;75;33;Kr;82;36;22,4509;Ru;100;44;Ti;50;22;Ti;50;22;12,5193
B;11;5;As;75;33;Sr;86;38;20,1436;Rh;103;45;O;16;8;Rb;87;37;0,6567
N;15;7;As;75;33;Zr;90;40;16,1782;Rh;103;45;Al;27;13;Ge;76;32;1,7745
O;18;8;As;75;33;Nb;93;41;13,7116;Rh;103;45;Ca;48;20;Mn;55;25;13,3977
F;19;9;As;75;33;Mo;94;42;14,2006;Pd;102;46;C;12;6;Zr;90;40;0,5775
Na;23;11;As;75;33;Ru;98;44;5,452;Pd;102;46;O;16;8;Sr;86;38;0,7126
Н;1;1;Au;197;79;Hg;198;80;7,0579;Pd;104;46;O;16;8;Sr;88;38;2,8271
D;2;1;Au;197;79;Hg;199;80;11,5487;Pd;106;46;O;16;8;Sr*;90;38;0,8896
Li;7;3;Au;197;79;Pb;204;82;8,838;Pd;106;46;Ne;22;10;Kr;84;36;0,2897
D;2;1;B;10;5;C;12;6;25,1885;Pd;106;46;Ne;20;10;Kr;86;36;0,1313
Н;1;1;B;11;5;C;12;6;15,9565;Pd;108;46;Ne;22;10;Kr;86;36;1,7866
D;2;1;B;11;5;C;13;6;18,6793;Pd;102;46;Mg;26;12;Se;76;34;2,9063
Не;4;2;B;10;5;N;14;7;11,4574;Pd;102;46;Mg;24;12;Se;78;34;2,3725
He;3;2;B;11;5;N;14;7;20,5795;Pd;104;46;Mg;26;12;Se;78;34;3,3729
Не;4;2;B;11;5;N;15;7;10,9916;Pd;104;46;Mg;24;12;Se;80;34;1,8658
Li;6;3;B;10;5;O;16;8;30,879;Pd;105;46;Mg;25;12;Se;80;34;2,1313
Li;7;3;B;10;5;O;17;8;27,7678;Pd;106;46;Mg;26;12;Se;80;34;3,8163
Li;6;3;B;11;5;O;17;8;23,564;Pd;102;46;Al;27;13;As;75;33;1,7
Li;7;3;B;11;5;O;18;8;24,3586;Pd;102;46;Si;30;14;Ge;72;32;8,4738
Be;9;4;B;10;5;F;19;9;24,8895;Pd;102;46;Si;29;14;Ge;73;32;4,7404
B;10;5;B;10;5;Ne;20;10;31,1454;Pd;102;46;Si;28;14;Ge;74;32;6,3928
B;10;5;B;11;5;Ne;21;10;26,4498;Pd;104;46;Si;30;14;Ge;74;32;8,0565
B;11;5;B;11;5;Ne;22;10;25,3599;Pd;104;46;Si;28;14;Ge;76;32;4,9118
D;2;1;Ba;136;56;La;138;57;10,8538;Pd;105;46;Si;29;14;Ge;76;32;6,3239
Н;1;1;Ba;137;56;La;138;57;6,1246;Pd;106;46;Si;30;14;Ge;76;32;7,5255
D;2;1;Ba;137;56;La;139;57;12,6702;Pd;102;46;P;31;15;Ga;71;31;5,9029
Н;1;1;Ba;138;56;La;139;57;6,3109;Pd;102;46;S;34;16;Zn;68;30;11,3735
Не;4;2;Ba;132;56;Ce;136;58;0,5803;Pd;102;46;S;32;16;Zn;70;30;7,003
Не;4;2;Ba;134;56;Ce;138;58;1,1113;Pd;104;46;S;34;16;Zn;70;30;9,6382
He;3;2;Ba;135;56;Ce;138;58;14,7921;Pd;102;46;Cl;37;17;Cu;65;29;10,4868
Не;4;2;Ba;136;56;Ce;140;58;1,0647;Pd;102;46;Ar;40;18;Ni;62;28;13,2375
He;3;2;Ba;137;56;Ce;140;58;14,6897;Pd;102;46;Ar;38;18;Ni;64;28;13,2794
Li;7;3;Ba;134;56;Pr;141;59;12,0396;Pd;104;46;Ar;40;18;Ni;64;28;12,3116
Li;6;3;Ba;135;56;Pr;141;59;12,3945;Pd;102;46;Ca;48;20;Fe;54;26;12,0684
Be;9;4;Ba;134;56;Nd;143;60;6,405;Pd;102;46;Ca;46;20;Fe;56;26;15,2011
Be;9;4;Ba;135;56;Nd;144;60;7,3178;Pd;104;46;Ca;48;20;Fe;56;26;15,1508
Be;9;4;Ba;136;56;Nd;145;60;4,0855;Pd;105;46;Ca;48;20;Fe;57;26;15,7264
Be;9;4;Ba;137;56;Nd;146;60;4,7096;Pd;102;46;Ca;44;20;Fe;58;26;15,0697
Н;1;1;Be;9;4;B;10;5;6,5875;Pd;104;46;Ca;46;20;Fe;58;26;15,4619
D;2;1;Be;9;4;B;11;5;15,8196;Pd;106;46;Ca;48;20;Fe;58;26;16,3617
He;3;2;Be;9;4;C;12;6;26,283;Pd;102;46;Ti;50;22;Cr;52;24;18,2908
Не;4;2;Be;9;4;C;13;6;10,6516;Pd;102;46;Ti;49;22;Cr;53;24;15,297
Li;6;3;Be;9;4;N;15;7;25,3404;Pd;102;46;Ti;48;22;Cr;54;24;16,8722
Be;9;4;Be;9;4;O;18;8;23,4848;Pd;104;46;Ti;50;22;Cr;54;24;18,5283
Н;1;1;Br;79;35;Kr;80;36;9,1193;Pd;102;46;V;51;23;V;51;23;15,8205
Н;1;1;Br;81;35;Kr;82;36;9,9539;Ag;107;47;N;15;7;Zr;92;40;0,2534
D;2;1;Br;81;35;Kr;83;36;15,1973;Ag;107;47;O;18;8;Y;89;39;0,354
Не;4;2;Br;81;35;Rb;85;37;6,7412;Ag;107;47;F;19;9;Sr;88;38;0,8896
Li;7;3;Br;79;35;Sr;86;38;23,374;Ag;107;47;Ne;22;10;Rb;85;37;1,7466
Li;6;3;Br;81;35;Sr;87;38;21,0331;Ag;107;47;Ne;20;10;Rb;87;37;3,1186
Li;7;3;Br;81;35;Sr;88;38;24,9072;Ag;109;47;Ne;22;10;Rb;87;37;3,8517
B;11;5;Br;79;35;Zr;90;40;21,7346;Ag;107;47;Na;23;11;Kr;84;36;3,44
B;10;5;Br;81;35;Zr;91;40;22,3866;Ag;109;47;Na;23;11;Kr;86;36;4,0147
B;11;5;Br;81;35;Zr;92;40;19,6163;Ag;107;47;Mg;26;12;Br;81;35;5,6216
C;12;6;Br;81;35;Nb;93;41;9,6167;Ag;107;47;Al;27;13;Se;80;34;6,4487
N;15;7;Br;79;35;Mo;94;42;12,7764;Ag;107;47;P;31;15;Ge;76;32;9,1724
N;14;7;Br;81;35;Mo;95;42;12,9161;Ag;107;47;Cl;37;17;Zn;70;30;12,7857
N;15;7;Br;81;35;Mo;96;42;11,0866;Ag;107;47;Ca;48;20;Co;59;27;18,0868
F;19;9;Br;79;35;Ru;98;44;10,4821;Cd;106;48;C;12;6;Mo;94;42;1,1271
F;19;9;Br;81;35;Ru;100;44;10,9255;Cd;106;48;O;16;8;Zr;90;40;6,255
Ne;22;10;Br;81;35;Rh;103;45;2,7283;Cd;108;48;O;18;8;Zr;90;40;0,4844
Na;23;11;Br;79;35;Pd;102;46;2,9631;Cd;108;48;O;16;8;Zr;92;40;4,1871
Na;23;11;Br;81;35;Pd;104;46;2,3818;Cd;110;48;O;16;8;Zr;94;40;1,7838
D;2;1;C;12;6;N;14;7;10,116;Cd;108;48;F;19;9;Y;89;39;0,1537
Н;1;1;C;13;6;N;14;7;7,3933;Cd;106;48;Ne;22;10;Sr;84;38;1,1075
D;2;1;C;13;6;N;15;7;16,1596;Cd;106;48;Ne;20;10;Sr;86;38;3,957
Не;4;2;C;12;6;O;16;8;7,1613;Cd;108;48;Ne;22;10;Sr;86;38;3,1252
He;3;2;C;13;6;O;16;8;22,7927;Cd;108;48;Ne;21;10;Sr;87;38;1,1746
Не;4;2;C;13;6;O;17;8;6,3556;Cd;108;48;Ne;20;10;Sr;88;38;5,5405
Li;7;3;C;12;6;F;19;9;16,3943;Cd;110;48;Ne;22;10;Sr;88;38;5,5657
Li;6;3;C;13;6;F;19;9;18,6997;Cd;110;48;Ne;20;10;Sr*;90;38;2,9789
Be;9;4;C;12;6;Ne;21;10;17,0808;Cd;111;48;Ne;21;10;Sr*;90;38;3,1028
Be;9;4;C;13;6;Ne;22;10;22,5002;Cd;112;48;Ne;22;10;Sr*;90;38;3,8424
B;11;5;C;12;6;Na;23;11;18,1939;Cd;108;48;Na;23;11;Rb;85;37;2,3446
B;10;5;C;13;6;Na;23;11;24,7032;Cd;110;48;Na;23;11;Rb;87;37;3,7418
C;12;6;C;12;6;Mg;24;12;13,9305;Cd;106;48;Mg;26;12;Kr;80;36;6,4981
C;12;6;C;13;6;Mg;25;12;16,3142;Cd;106;48;Mg;24;12;Kr;82;36;6,9135
C;13;6;C;13;6;Mg;26;12;22,4648;Cd;108;48;Mg;26;12;Kr;82;36;7,383
D;2;1;Ca;43;20;Sc;45;21;15,8009;Cd;108;48;Mg;25;12;Kr;83;36;3,753
Н;1;1;Ca;44;20;Sc;45;21;6,8893;Cd;108;48;Mg;24;12;Kr;84;36;6,9406
Не;4;2;Ca;42;20;Ti;46;22;8,009;Cd;110;48;Mg;26;12;Kr;84;36;8,267
He;3;2;Ca;43;20;Ti;46;22;20,6577;Cd;110;48;Mg;24;12;Kr;86;36;6,8074
Не;4;2;Ca;43;20;Ti;47;22;8,9656;Cd;111;48;Mg;25;12;Kr;86;36;7,5013
He;3;2;Ca;44;20;Ti;47;22;18,4082;Cd;112;48;Mg;26;12;Kr;86;36;8,9722
Не;4;2;Ca;44;20;Ti;48;22;9,45;Cd;106;48;Al;27;13;Br;79;35;5,6514
He;3;2;Ca;46;20;Ti;49;22;20,355;Cd;108;48;Al;27;13;Br;81;35;5,7017
Не;4;2;Ca;46;20;Ti;50;22;10,714;Cd;106;48;Si;30;14;Se;76;34;12,0722
Li;7;3;Ca;43;20;V;50;23;25,7279;Cd;106;48;Si;29;14;Se;77;34;8,8725
Li;6;3;Ca;44;20;V;50;23;21,8445;Cd;106;48;Si;28;14;Se;78;34;10,8752
Li;7;3;Ca;44;20;V;51;23;25,6319;Cd;108;48;Si;30;14;Se;78;34;12,0079
Be;9;4;Ca;43;20;Cr;52;24;28,3659;Cd;108;48;Si;28;14;Se;80;34;9,8375
Be;9;4;Ca;44;20;Cr;53;24;25,1736;Cd;110;48;Si;30;14;Se;80;34;11,8272
B;11;5;Ca;44;20;Mn;55;25;24,9091;Cd;106;48;P;31;15;As;75;33;9,8804
C;12;6;Ca;42;20;Fe;54;26;17,7049;Cd;106;48;S;34;16;Ge;72;32;14,9067
C;13;6;Ca;43;20;Fe;56;26;25,3385;Cd;106;48;S;33;16;Ge;73;32;10,3666
C;12;6;Ca;44;20;Fe;56;26;19,1497;Cd;106;48;S;32;16;Ge;74;32;11,8542
C;13;6;Ca;44;20;Fe;57;26;21,8435;Cd;108;48;S;34;16;Ge;74;32;13,9584
C;12;6;Ca;46;20;Fe;58;26;19,0183;Cd;108;48;S;32;16;Ge;76;32;9,8422
N;15;7;Ca;44;20;Co;59;27;20,8729;Cd;110;48;S;34;16;Ge;76;32;12,8034
N;14;7;Ca;46;20;Co*;60;27;21,5408;Cd;106;48;Cl;37;17;Ga;69;31;13,3874
O;18;8;Ca;40;20;Ni;58;28;24,598;Cd;106;48;Cl;35;17;Ga;71;31;11,4155
O;16;8;Ca;42;20;Ni;58;28;16,9541;Cd;108;48;Cl;37;17;Ga;71;31;12,3553
O;18;8;Ca;42;20;Ni;60;28;25,155;Cd;106;48;Ar;40;18;Zn;66;30;16,3179
O;17;8;Ca;43;20;Ni;60;28;25,2724;Cd;106;48;Ar;38;18;Zn;68;30;17,1022
O;18;8;Ca;43;20;Ni;61;28;25,0488;Cd;108;48;Ar;40;18;Zn;68;30;15,6035
O;16;8;Ca;44;20;Ni;60;28;18,2778;Cd;106;48;Ar;36;18;Zn;70;30;12,1597
O;17;8;Ca;44;20;Ni;61;28;21,96;Cd;108;48;Ar;38;18;Zn;70;30;14,8359
O;18;8;Ca;44;20;Ni;62;28;24,503;Cd;110;48;Ar;40;18;Zn;70;30;14,1941
O;16;8;Ca;46;20;Ni;62;28;18,8711;Cd;106;48;K;41;19;Cu;65;29;15,2104
O;18;8;Ca;46;20;Ni;64;28;23,1849;Cd;106;48;Ca;48;20;Ni;58;28;16,9951
O;16;8;Ca;48;20;Ni;64;28;17,9955;Cd;106;48;Ca;46;20;Ni;60;28;20,0066
F;19;9;Ca;44;20;Cu;63;29;22,6353;Cd;108;48;Ca;48;20;Ni;60;28;19,4254
F;19;9;Ca;46;20;Cu;65;29;22,6428;Cd;106;48;Ca;44;20;Ni;62;28;20,6
Ne;22;10;Ca;42;20;Zn;64;30;19,4384;Cd;108;48;Ca;46;20;Ni;62;28;20,4612
Ne;21;10;Ca;43;20;Zn;64;30;21,8752;Cd;110;48;Ca;48;20;Ni;62;28;20,7369
Ne;20;10;Ca;44;20;Zn;64;30;17,5;Cd;106;48;Ca;42;20;Ni;64;28;18,0365
Ne;22;10;Ca;44;20;Zn;66;30;19,4002;Cd;108;48;Ca;44;20;Ni;64;28;19,1431
Ne;20;10;Ca;46;20;Zn;66;30;18,7072;Cd;110;48;Ca;46;20;Ni;64;28;19,8613
Ne;21;10;Ca;46;20;Zn;67;30;18,9922;Cd;112;48;Ca;48;20;Ni;64;28;20,9754
Ne;22;10;Ca;46;20;Zn;68;30;18,8246;Cd;106;48;Ti;50;22;Fe;56;26;24,4312
Ne;20;10;Ca;48;20;Zn;68;30;18,574;Cd;106;48;Ti;49;22;Fe;57;26;21,1347
Ne;22;10;Ca;48;20;Zn;70;30;17,1395;Cd;106;48;Ti;48;22;Fe;58;26;23,0358
Na;23;11;Ca;46;20;Ga;69;31;16,562;Cd;108;48;Ti;50;22;Fe;58;26;24,1611
Na;23;11;Ca;48;20;Ga;71;31;16,1111;Cd;106;48;V;51;23;Mn;55;25;22,2795
Mg;26;12;Ca;44;20;Ge;70;32;12,7652;Cd;106;48;Cr;53;24;Cr;53;24;22,9595
Mg;24;12;Ca;46;20;Ge;70;32;13,3735;Cd;106;48;Cr;52;24;Cr;54;24;24,7377
Mg;26;12;Ca;46;20;Ge;72;32;13,2254;Cd;108;48;Cr;54;24;Cr;54;24;24,4443
Mg;24;12;Ca;48;20;Ge;72;32;14,2761;In;113;49;Na;23;11;Sr*;90;38;6,6853
Mg;25;12;Ca;48;20;Ge;73;32;13,8262;In;113;49;Mg;26;12;Rb;87;37;11,6521
Mg;26;12;Ca;48;20;Ge;74;32;12,8583;In;113;49;Al;27;13;Kr;86;36;11,2972
Al;27;13;Ca;48;20;As;75;33;11,4741;In;113;49;Cl;37;17;Ge;76;32;15,8578
Si;30;14;Ca;44;20;Se;74;34;6,3351;In;113;49;Ca;48;20;Cu;65;29;22,4779
Si;28;14;Ca;46;20;Se;74;34;7,6066;Sn;114;50;Не;4;2;Cd;110;48;0,3605
Si;30;14;Ca;46;20;Se;76;34;7,6578;Sn;112;50;C;12;6;Ru;100;44;1,7885
Si;28;14;Ca;48;20;Se;76;34;9,3718;Sn;114;50;C;12;6;Ru;102;44;2,0865
Si;29;14;Ca;48;20;Se;77;34;8,3089;Sn;112;50;O;18;8;Mo;94;42;0,9688
Si;30;14;Ca;48;20;Se;78;34;8,1748;Sn;112;50;O;17;8;Mo;95;42;0,0801
P;31;15;Ca;48;20;Br;79;35;7,2452;Sn;112;50;O;16;8;Mo;96;42;5,0999
S;34;16;Ca;44;20;Kr;78;36;2,7824;Sn;114;50;O;18;8;Mo;96;42;2,0959
S;32;16;Ca;46;20;Kr;78;36;5,0254;Sn;114;50;O;17;8;Mo;97;42;1,0023
S;34;16;Ca;46;20;Kr;80;36;4,8168;Sn;114;50;O;16;8;Mo;98;42;5,1558
S;32;16;Ca;48;20;Kr;80;36;7,5023;Sn;112;50;F;19;9;Nb;93;41;0,4797
S;34;16;Ca;48;20;Kr;82;36;6,2829;Sn;112;50;Ne;22;10;Zr;90;40;8,6023
Cl;37;17;Ca;48;20;Rb;85;37;6,1004;Sn;112;50;Ne;21;10;Zr;91;40;5,4409
Ar;40;18;Ca;44;20;Sr;84;38;4,1899;Sn;112;50;Ne;20;10;Zr;92;40;7,3663
Ar;38;18;Ca;46;20;Sr;84;38;2,8299;Sn;114;50;Ne;22;10;Zr;92;40;9,301
Ar;40;18;Ca;46;20;Sr;86;38;6,3463;Sn;114;50;Ne;20;10;Zr;94;40;6,8726
Ar;36;18;Ca;48;20;Sr;84;38;6,0873;Sn;115;50;Ne;21;10;Zr;94;40;3,2984
Ar;38;18;Ca;48;20;Sr;86;38;5,4287;Sn;116;50;Ne;22;10;Zr;94;40;4,2709
Ar;40;18;Ca;48;20;Sr;88;38;8,5111;Sn;116;50;Ne;20;10;Zr;96;40;1,3674
K;41;19;Ca;48;20;Y;89;39;8,1673;Sn;117;50;Ne;21;10;Zr;96;40;0,9417
Ca;44;20;Ca;46;20;Zr;90;40;4,5261;Sn;118;50;Ne;22;10;Zr;96;40;2,0539
Ca;46;20;Ca;46;20;Zr;92;40;2,597;Sn;112;50;Na;23;11;Y;89;39;9,07
Ca;42;20;Ca;48;20;Zr;90;40;6,214;Sn;112;50;Mg;26;12;Sr;86;38;12,1923
Ca;43;20;Ca;48;20;Zr;91;40;5,4893;Sn;112;50;Mg;25;12;Sr;87;38;9,5106
Ca;44;20;Ca;48;20;Zr;92;40;3,0395;Sn;112;50;Mg;24;12;Sr;88;38;13,3064
Sc;45;21;Ca;48;20;Nb;93;41;2,107;Sn;114;50;Mg;26;12;Sr;88;38;16,5424
Ti;46;22;Ca;48;20;Mo;94;42;0,2385;Sn;114;50;Mg;24;12;Sr*;90;38;12,6543
D;2;1;Cd;111;48;In;113;49;13,3502;Sn;115;50;Mg;25;12;Sr*;90;38;9,6503
Н;1;1;Cd;112;48;In;113;49;5,9476;Sn;116;50;Mg;26;12;Sr*;90;38;11,354
D;2;1;Cd;113;48;In;115;49;13,6389;Sn;112;50;Al;27;13;Rb;85;37;10,8938
Н;1;1;Cd;114;48;In;115;49;6,8232;Sn;114;50;Al;27;13;Rb;87;37;14,2006
Не;4;2;Cd;108;48;Sn;112;50;1,5491;Sn;112;50;Si;30;14;Kr;82;36;16,4837
He;3;2;Cd;111;48;Sn;114;50;13,5812;Sn;112;50;Si;29;14;Kr;83;36;13,3371
Не;4;2;Cd;111;48;Sn;115;50;3,3375;Sn;112;50;Si;28;14;Kr;84;36;15,378
He;3;2;Cd;112;48;Sn;115;50;14,2891;Sn;114;50;Si;30;14;Kr;84;36;19,2773
Не;4;2;Cd;112;48;Sn;116;50;3,1047;Sn;114;50;Si;28;14;Kr;86;36;17,1544
He;3;2;Cd;113;48;Sn;116;50;17,2606;Sn;115;50;Si;29;14;Kr;86;36;15,297
Не;4;2;Cd;113;48;Sn;117;50;3,8685;Sn;116;50;Si;30;14;Kr;86;36;16,5173
He;3;2;Cd;114;48;Sn;117;50;15,4069;Sn;112;50;P;31;15;Br;81;35;13,8169
Не;4;2;Cd;114;48;Sn;118;50;4,0827;Sn;112;50;S;34;16;Se;78;34;18,3756
He;3;2;Cd;116;48;Sn;119;50;16,4409;Sn;112;50;S;32;16;Se;80;34;15,2337
Не;4;2;Cd;116;48;Sn;120;50;5,1074;Sn;114;50;S;34;16;Se;80;34;20,1044
Li;7;3;Cd;114;48;Sb;121;51;14,7409;Sn;112;50;Cl;37;17;As;75;33;16,2676
Li;7;3;Cd;116;48;Sb;123;51;15,7096;Sn;112;50;Ar;40;18;Ge;72;32;19,0714
Be;9;4;Cd;111;48;Te;120;52;11,3512;Sn;112;50;Ar;38;18;Ge;74;32;19,6219
Be;9;4;Cd;113;48;Te;122;52;12,8509;Sn;114;50;Ar;40;18;Ge;74;32;20,8897
Be;9;4;Cd;114;48;Te;123;52;10,783;Sn;112;50;Ar;36;18;Ge;76;32;14,9337
Be;9;4;Cd;116;48;Te;125;52;11,9008;Sn;114;50;Ar;38;18;Ge;76;32;20,3764
B;11;5;Cd;116;48;I;127;53;9,2805;Sn;116;50;Ar;40;18;Ge;76;32;17,1078
C;13;6;Cd;111;48;Xe;124;54;1,6245;Sn;112;50;K;41;19;Ga;71;31;17,0137
C;13;6;Cd;113;48;Xe;126;54;3,535;Sn;112;50;Ca;48;20;Zn;64;30;21,8268
C;12;6;Cd;116;48;Xe;128;54;1,3712;Sn;112;50;Ca;46;20;Zn;66;30;23,4764
C;13;6;Cd;116;48;Xe;129;54;3,3347;Sn;114;50;Ca;48;20;Zn;66;30;25,6617
Н;1;1;Ce;140;58;Pr;141;59;5,8265;Sn;115;50;Ca;48;20;Zn;67;30;22,3726
Не;4;2;Ce;138;58;Nd;142;60;0,7871;Sn;112;50;Ca;44;20;Zn;68;30;22,9008
He;3;2;Ce;140;58;Nd;143;60;11,3922;Sn;114;50;Ca;46;20;Zn;68;30;25,5285
He;3;2;Ce;142;58;Nd;145;60;12,0256;Sn;116;50;Ca;48;20;Zn;68;30;23,1774
Be;9;4;Ce;138;58;Sm;147;62;3,0609;Sn;112;50;Ca;42;20;Zn;70;30;19,5278
Be;9;4;Ce;140;58;Sm;149;62;1,0023;Sn;114;50;Ca;44;20;Zn;70;30;23,401
Н;1;1;Cl;35;17;Ar;36;18;8,5064;Sn;116;50;Ca;46;20;Zn;70;30;21,4924
Н;1;1;Cl;37;17;Ar;38;18;10,2427;Sn;118;50;Ca;48;20;Zn;70;30;22,4294
Не;4;2;Cl;35;17;K;39;19;7,2135;Sn;112;50;Ti;50;22;Ni;62;28;29,6262
He;3;2;Cl;37;17;K;40;19;16,6905;Sn;112;50;Ti;48;22;Ni;64;28;27,0441
Не;4;2;Cl;37;17;K;41;19;6,2075;Sn;114;50;Ti;50;22;Ni;64;28;30,9359
Li;7;3;Cl;35;17;Ca;42;20;24,435;Sn;112;50;Cr;54;24;Fe;58;26;30,5428
Li;6;3;Cl;37;17;Ca;43;20;20,7183;Te;120;52;C;12;6;Pd;108;46;0,5496
Li;7;3;Cl;37;17;Ca;44;20;24,6017;Te;120;52;O;18;8;Ru;102;44;1,5183
B;11;5;Cl;35;17;Ti;46;22;23,7782;Te;120;52;O;16;8;Ru;104;44;3,7865
B;10;5;Cl;37;17;Ti;47;22;25,2221;Te;120;52;Ne;22;10;Mo;98;42;7,0933
B;11;5;Cl;37;17;Ti;48;22;25,386;Te;120;52;Ne;20;10;Mo;100;42;4,1899
C;13;6;Cl;37;17;V;50;23;20,572;Te;122;52;Ne;22;10;Mo;100;42;3,7679
N;15;7;Cl;35;17;Cr;50;24;21,3424;Te;120;52;Mg;26;12;Zr;94;40;14,698
N;15;7;Cl;37;17;Cr;52;24;23,7438;Te;120;52;Mg;24;12;Zr;96;40;10,4933
O;18;8;Cl;37;17;Mn;55;25;25,1522;Te;122;52;Mg;26;12;Zr;96;40;11,3726
F;19;9;Cl;35;17;Fe;54;26;25,7456;Te;120;52;Si;30;14;Sr*;90;38;21,8147
F;19;9;Cl;37;17;Fe;56;26;27,3571;Te;120;52;S;34;16;Kr;86;36;24,2449
Ne;22;10;Cl;37;17;Co;59;27;22,4406;Te;120;52;Ar;40;18;Se;80;34;23,8593
Na;23;11;Cl;35;17;Ni;58;28;21,6908;Te;120;52;Ca;48;20;Ge;72;32;28,0054
Na;23;11;Cl;37;17;Ni;60;28;23,1812;Te;120;52;Ca;46;20;Ge;74;32;27,6384
Mg;26;12;Cl;37;17;Cu;63;29;17,5978;Te;122;52;Ca;48;20;Ge;74;32;27,467
Al;27;13;Cl;37;17;Zn;64;30;17,0333;Te;120;52;Ca;44;20;Ge;76;32;25,7651
Cl;37;17;Cl;37;17;Se;74;34;8,702;Te;122;52;Ca;46;20;Ge;76;32;26,0362
Н;1;1;Co;59;27;Ni;60;28;9,531;Te;124;52;Ca;48;20;Ge;76;32;27,0478
D;2;1;Co;59;27;Ni;61;28;15,1303;Te;120;52;Ti;50;22;Zn;70;30;32,0173
Не;4;2;Co;59;27;Cu;63;29;5,7734;Xe;124;54;C;12;6;Cd;112;48;3,0553
Li;7;3;Co;59;27;Zn;66;30;21,5613;Xe;126;54;C;12;6;Cd;114;48;0,558
B;11;5;Co;59;27;Ge;70;32;16,8768;Xe;124;54;N;15;7;Ag;109;47;1,2221
N;15;7;Co;59;27;Se;74;34;10,1048;Xe;124;54;O;18;8;Pd;106;46;3,5024
F;19;9;Co;59;27;Kr;78;36;10,4579;Xe;124;54;O;16;8;Pd;108;46;6,7859
Н;1;1;Co*;60;27;Ni;61;28;9,8571;Xe;126;54;O;18;8;Pd;108;46;1,0144
D;2;1;Co*;60;27;Ni;62;28;18,2228;Xe;126;54;O;16;8;Pd;110;46;4,4283
He;3;2;Co*;60;27;Cu;63;29;18,8544;Xe;124;54;Ne;22;10;Ru;102;44;10,2604
Li;6;3;Co*;60;27;Zn;66;30;21,3163;Xe;124;54;Ne;20;10;Ru;104;44;7,5898
Li;7;3;Co*;60;27;Zn;67;30;21,1095;Xe;126;54;Ne;22;10;Ru;104;44;6,7571
Be;9;4;Co*;60;27;Ga;69;31;18,9186;Xe;124;54;Mg;26;12;Mo;98;42;16,7846
B;10;5;Co*;60;27;Ge;70;32;20,8357;Xe;124;54;Mg;24;12;Mo;100;42;12,5798
N;14;7;Co*;60;27;Se;74;34;13,598;Xe;126;54;Mg;26;12;Mo;100;42;13,0484
D;2;1;Cr;53;24;Mn;55;25;15,555;Xe;124;54;Si;30;14;Zr;94;40;24,4228
Н;1;1;Cr;54;24;Mn;55;25;8,0574;Xe;124;54;Si;28;14;Zr;96;40;19,5549
Не;4;2;Cr;50;24;Fe;54;26;8,4142;Xe;126;54;Si;30;14;Zr;96;40;20,6866
Не;4;2;Cr;52;24;Fe;56;26;7,6243;Xe;124;54;S;34;16;Sr*;90;38;28,8065
He;3;2;Cr;53;24;Fe;56;26;20,2591;Xe;124;54;Cl;37;17;Rb;87;37;28,9173
Не;4;2;Cr;53;24;Fe;57;26;7,3215;Xe;124;54;Ar;40;18;Kr;84;36;30,0239
He;3;2;Cr;54;24;Fe;57;26;18,1781;Xe;124;54;Ar;38;18;Kr;86;36;30,5325
Не;4;2;Cr;54;24;Fe;58;26;7,6476;Xe;126;54;Ar;40;18;Kr;86;36;29,0328
Li;7;3;Cr;52;24;Co;59;27;21,7308;Xe;124;54;Ca;48;20;Se;76;34;32,1626
Li;6;3;Cr;53;24;Co;59;27;21,0397;Xe;124;54;Ca;46;20;Se;78;34;32,6796
Li;7;3;Cr;53;24;Co*;60;27;21,2846;Xe;126;54;Ca;48;20;Se;78;34;32,0974
Li;6;3;Cr;54;24;Co*;60;27;18,8152;Xe;124;54;Ca;44;20;Se;80;34;31,7807
Be;9;4;Cr;52;24;Ni;61;28;20,1678;Xe;126;54;Ca;46;20;Se;80;34;31,641
Be;9;4;Cr;53;24;Ni;62;28;22,8142;Xe;128;54;Ca;48;20;Se;80;34;32,2884
B;11;5;Cr;52;24;Cu;63;29;18,8385;Xe;124;54;Ti;50;22;Ge;74;32;37,4274
B;10;5;Cr;53;24;Cu;63;29;22,3512;Xe;124;54;Ti;48;22;Ge;76;32;34,2902
B;11;5;Cr;54;24;Cu;65;29;19,0006;Xe;126;54;Ti;50;22;Ge;76;32;35,4145
C;12;6;Cr;52;24;Zn;64;30;10,5902;Xe;124;54;Cr;54;24;Zn;70;30;39,0231
C;13;6;Cr;53;24;Zn;66;30;16,7268;Ba;130;56;C;12;6;Sn;118;50;4,1079
C;12;6;Cr;54;24;Zn;66;30;11,952;Ba;132;56;C;12;6;Sn;120;50;2,7852
C;13;6;Cr;54;24;Zn;67;30;14,0507;Ba;134;56;C;12;6;Sn;122;50;0,8383
N;15;7;Cr;54;24;Ga;69;31;12,3935;Ba;130;56;N;15;7;In;115;49;1,8835
O;18;8;Cr;52;24;Ge;70;32;14,2491;Ba;130;56;O;18;8;Cd;112;48;3,9123
O;17;8;Cr;53;24;Ge;70;32;14,3525;Ba;130;56;O;17;8;Cd;113;48;2,2877
O;16;8;Cr;54;24;Ge;70;32;8,7719;Ba;130;56;O;16;8;Cd;114;48;7,1865
O;18;8;Cr;54;24;Ge;72;32;14,8639;Ba;132;56;O;18;8;Cd;114;48;2,2263
Ne;22;10;Cr;52;24;Se;74;34;8,8017;Ba;132;56;O;16;8;Cd;116;48;4,8391
Ne;21;10;Cr;53;24;Se;74;34;11,2245;Ba;134;56;O;18;8;Cd;116;48;0,1304
Ne;20;10;Cr;54;24;Se;74;34;8,2633;Ba;130;56;Ne;22;10;Pd;108;46;10,1486
Ne;22;10;Cr;54;24;Se;76;34;10,279;Ba;130;56;Ne;20;10;Pd;110;46;8,6238
Mg;26;12;Cr;52;24;Kr;78;36;2,5495;Ba;132;56;Ne;22;10;Pd;110;46;8,6023
Mg;25;12;Cr;53;24;Kr;78;36;5,7035;Ba;130;56;Mg;26;12;Ru;104;44;16,8405
Mg;24;12;Cr;54;24;Kr;78;36;3,3124;Ba;130;56;Si;30;14;Mo;100;42;23,1653
Mg;26;12;Cr;54;24;Kr;80;36;4,7385;Ba;130;56;S;34;16;Zr;96;40;28,0706
Н;1;1;Cs;133;55;Ba;134;56;8,0155;Ba;130;56;Ar;40;18;Sr*;90;38;33,9865
D;2;1;Cs;133;55;Ba;135;56;12,6888;Ba;130;56;Ca;48;20;Kr;82;36;37,5895
Li;7;3;Cs;133;55;Ce;140;58;14,2286;Ba;130;56;Ca;46;20;Kr;84;36;38,1978
B;10;5;Cs;133;55;Nd;143;60;7,8329;Ba;132;56;Ca;48;20;Kr;84;36;38,4269
B;11;5;Cs;133;55;Nd;144;60;4,1871;Ba;130;56;Ca;44;20;Kr;86;36;37,3464
Н;1;1;Cs*;137;55;Ba;138;56;8,9749;Ba;132;56;Ca;46;20;Kr;86;36;38,018
Н;1;1;Cu;63;29;Zn;64;30;7,7081;Ba;134;56;Ca;48;20;Kr;86;36;38,4987
Н;1;1;Cu;65;29;Zn;66;30;8,9079;Ba;130;56;Ti;50;22;Se;80;34;41,8222
D;2;1;Cu;65;29;Zn;67;30;13,7293;Ba;130;56;Cr;54;24;Ge;76;32;42,8124
Не;4;2;Cu;65;29;Ga;69;31;4,3845;La;139;57;N;15;7;Sn;124;50;0,6632
Li;7;3;Cu;63;29;Ge;70;32;19,7691;Ce;142;58;Не;4;2;Ba;138;56;1,3292
Li;7;3;Cu;65;29;Ge;72;32;20,2218;Ce;136;58;C;12;6;Te;124;52;4,0427
B;11;5;Cu;63;29;Se;74;34;15,3231;Ce;138;58;C;12;6;Te;126;52;2,3082
B;11;5;Cu;65;29;Se;76;34;16,6383;Ce;140;58;C;12;6;Te;128;52;1,034
N;15;7;Cu;63;29;Kr;78;36;8,6955;Ce;142;58;C;12;6;Te;130;52;2,1797
N;15;7;Cu;65;29;Kr;80;36;10,7224;Ce;136;58;N;15;7;Sb;121;51;3,0199
F;19;9;Cu;65;29;Sr;84;38;11,9371;Ce;138;58;N;15;7;Sb;123;51;1,3618
Al;27;13;Cu;65;29;Mo;92;42;2,8234;Ce;136;58;O;18;8;Sn;118;50;5,7287
D;2;1;Dy;163;66;Ho;165;67;11,3381;Ce;136;58;O;17;8;Sn;119;50;4,2625
Н;1;1;Dy;164;66;Ho;165;67;5,9196;Ce;136;58;O;16;8;Sn;120;50;9,3662
He;3;2;Dy;161;66;Er;164;68;12,4168;Ce;138;58;O;18;8;Sn;120;50;4,1265
He;3;2;Dy;163;66;Er;166;68;13,0409;Ce;138;58;O;16;8;Sn;122;50;6,8884
He;3;2;Dy;164;66;Er;167;68;11,9324;Ce;140;58;O;18;8;Sn;122;50;3,0274
Li;7;3;Dy;162;66;Tm;169;69;7,5684;Ce;140;58;O;16;8;Sn;124;50;5,2769
Li;6;3;Dy;163;66;Tm;169;69;8,5194;Ce;142;58;O;18;8;Sn;124;50;4,3221
Be;9;4;Dy;161;66;Yb;170;70;3,6384;Ce;136;58;Ne;22;10;Cd;114;48;11,313
Be;9;4;Dy;162;66;Yb;171;70;2,0269;Ce;136;58;Ne;20;10;Cd;116;48;8,9871
Be;9;4;Dy;163;66;Yb;172;70;3,7223;Ce;138;58;Ne;22;10;Cd;116;48;8,6862
Be;9;4;Dy;164;66;Yb;173;70;2,5299;Ce;136;58;Mg;26;12;Pd;110;46;18,6383
D;2;1;Er;167;68;Tm;169;69;10,9935;Ce;136;58;Ar;40;18;Zr;96;40;34,0144
Н;1;1;Er;168;68;Tm;169;69;5,4539;Ce;136;58;Ca;48;20;Sr;88;38;45,7615
He;3;2;Er;167;68;Yb;170;70;12,2957;Ce;136;58;Ca;46;20;Sr*;90;38;42,9242
He;3;2;Er;168;68;Yb;171;70;11,1127;Ce;138;58;Ca;48;20;Sr*;90;38;42,8739
He;3;2;Er;170;68;Yb;173;70;12,333;Ce;136;58;Ti;50;22;Kr;86;36;48,1517
Li;7;3;Er;168;68;Lu;175;71;6,9815;Pr;141;59;N;15;7;Te;126;52;3,7632
Li;6;3;Er;170;68;Lu;176;71;7,3551;Pr;141;59;O;18;8;Sb;123;51;3,8005
Be;9;4;Er;167;68;Hf;176;72;2,4088;Pr;141;59;F;19;9;Sn;122;50;5,1931
Be;9;4;Er;168;68;Hf;177;72;1,0116;Nd;144;60;Не;4;2;Ce;140;58;1,3758
Be;9;4;Er;170;68;Hf;179;72;1,5612;Nd;146;60;Не;4;2;Ce;142;58;0,9753
B;10;5;Er;170;68;Ta;180;73;0,8654;Nd;148;60;B;11;5;Cs*;137;55;0,3307
Н;1;1;Eu;151;63;Gd;152;64;7,3821;Nd;142;60;C;12;6;Xe;130;54;3,6962
Н;1;1;Eu;153;63;Gd;154;64;7,4194;Nd;143;60;C;13;6;Xe;130;54;2,5672
D;2;1;Eu;153;63;Gd;155;64;11,5244;Nd;143;60;C;12;6;Xe;131;54;4,2225
Li;7;3;Eu;151;63;Dy;158;66;10,8752;Nd;144;60;C;13;6;Xe;131;54;1,359
Li;7;3;Eu;153;63;Dy;160;66;11,2105;Nd;144;60;C;12;6;Xe;132;54;5,3449
B;11;5;Eu;151;63;Er;162;68;0,1258;Nd;145;60;C;13;6;Xe;132;54;4,3259
B;11;5;Eu;153;63;Er;164;68;0,8057;Nd;146;60;C;12;6;Xe;134;54;6,7925
Н;1;1;F;19;9;Ne;20;10;12,8434;Nd;148;60;C;12;6;Xe;136;54;8,6247
D;2;1;F;19;9;Ne;21;10;17,3798;Nd;142;60;N;15;7;I;127;53;2,8112
Не;4;2;F;19;9;Na;23;11;10,4653;Nd;142;60;O;18;8;Te;124;52;5,1772
Li;6;3;F;19;9;Mg;25;12;25,794;Nd;142;60;O;17;8;Te;125;52;3,6552
Li;7;3;F;19;9;Mg;26;12;29,6392;Nd;143;60;O;18;8;Te;125;52;5,6262
B;10;5;F;19;9;Si;29;14;32,4654;Nd;142;60;O;16;8;Te;126;52;8,6825
B;11;5;F;19;9;Si;30;14;31,6233;Nd;143;60;O;17;8;Te;126;52;6,7477
C;12;6;F;19;9;P;31;15;22,9539;Nd;144;60;O;18;8;Te;126;52;6,9843
N;14;7;F;19;9;S;33;16;28,1181;Nd;144;60;O;16;8;Te;128;52;9,5711
N;15;7;F;19;9;S;34;16;28,5484;Nd;145;60;O;17;8;Te;128;52;7,7463
O;16;8;F;19;9;Cl;35;17;22,789;Nd;146;60;O;18;8;Te;128;52;8,2158
O;18;8;F;19;9;Cl;37;17;29,4995;Nd;146;60;O;16;8;Te;130;52;10,3163
F;19;9;F;19;9;Ar;38;18;31,75;Nd;148;60;O;18;8;Te;130;52;9,8925
D;2;1;Fe;57;26;Co;59;27;15,1889;Nd;142;60;F;19;9;Sb;123;51;4,5857
Н;1;1;Fe;58;26;Co;59;27;7,3653;Nd;142;60;Ne;22;10;Sn;120;50;13,0065
D;2;1;Fe;58;26;Co*;60;27;12,6385;Nd;142;60;Ne;20;10;Sn;122;50;10,8296
Не;4;2;Fe;54;26;Ni;58;28;6,4105;Nd;143;60;Ne;21;10;Sn;122;50;11,5142
Не;4;2;Fe;56;26;Ni;60;28;6,2894;Nd;144;60;Ne;22;10;Sn;122;50;14,0702
He;3;2;Fe;57;26;Ni;60;28;19,227;Nd;144;60;Ne;20;10;Sn;124;50;11,381
Не;4;2;Fe;57;26;Ni;61;28;6,472;Nd;145;60;Ne;21;10;Sn;124;50;12,1756
He;3;2;Fe;58;26;Ni;61;28;17,0026;Nd;146;60;Ne;22;10;Sn;124;50;14,9645
Не;4;2;Fe;58;26;Ni;62;28;7,0142;Nd;142;60;Mg;26;12;Cd;116;48;18,5153
Li;7;3;Fe;56;26;Cu;63;29;19,8799;Nd;142;60;Ca;48;20;Zr;94;40;45,6199
Li;6;3;Fe;57;26;Cu;63;29;19,4915;Nd;142;60;Ca;46;20;Zr;96;40;42,4659
Li;7;3;Fe;58;26;Cu;65;29;20,0187;Nd;144;60;Ca;48;20;Zr;96;40;45,9571
Be;9;4;Fe;57;26;Zn;66;30;20,0569;Sm;147;62;Не;4;2;Nd;143;60;2,2328
Be;9;4;Fe;58;26;Zn;67;30;17,0547;Sm;148;62;Не;4;2;Nd;144;60;1,9161
B;11;5;Fe;58;26;Ga;69;31;15,7376;Sm;149;62;Не;4;2;Nd;145;60;2,0185
C;13;6;Fe;57;26;Ge;70;32;13,3865;Sm;150;62;Не;4;2;Nd;146;60;1,5994
C;12;6;Fe;58;26;Ge;70;32;8,2856;Sm;152;62;Не;4;2;Nd;148;60;0,3791
O;18;8;Fe;56;26;Se;74;34;10,8445;Sm;149;62;B;11;5;La;138;57;0,7592
O;17;8;Fe;57;26;Se;74;34;11,2506;Sm;150;62;B;11;5;La;139;57;1,5323
O;16;8;Fe;58;26;Se;74;34;5,344;Sm;144;62;C;12;6;Ba;132;56;6,0827
O;18;8;Fe;58;26;Se;76;34;12,2985;Sm;147;62;C;13;6;Ba;134;56;6,4795
Ne;22;10;Fe;56;26;Kr;78;36;5,5415;Sm;147;62;C;12;6;Ba;135;56;8,43
Ne;21;10;Fe;57;26;Kr;78;36;8,267;Sm;148;62;C;13;6;Ba;135;56;5,2499
Ne;20;10;Fe;58;26;Kr;78;36;4,9798;Sm;148;62;C;12;6;Ba;136;56;9,5012
Ne;22;10;Fe;58;26;Kr;80;36;7,7072;Sm;149;62;C;13;6;Ba;136;56;8,5846
Mg;26;12;Fe;58;26;Sr;84;38;2,3166;Sm;149;62;C;12;6;Ba;137;56;10,5911
Н;1;1;Ga;69;31;Ge;70;32;8,5045;Sm;150;62;C;13;6;Ba;137;56;7,5414
Н;1;1;Ga;71;31;Ge;72;32;9,858;Sm;150;62;C;12;6;Ba;138;56;11,1779
D;2;1;Ga;71;31;Ge;73;32;14,5145;Sm;147;62;N;14;7;Cs;133;55;5,8572
Не;4;2;Ga;71;31;As;75;33;5,4613;Sm;148;62;N;15;7;Cs;133;55;8,7206
Li;7;3;Ga;69;31;Se;76;34;20,9195;Sm;152;62;N;15;7;Cs*;137;55;11,7014
Li;6;3;Ga;71;31;Se;77;34;18,6597;Sm;144;62;O;18;8;Xe;126;54;7,751
Li;7;3;Ga;71;31;Se;78;34;21,8873;Sm;144;62;O;16;8;Xe;128;54;12,2929
B;11;5;Ga;69;31;Kr;80;36;17,3295;Sm;147;62;O;18;8;Xe;129;54;9,9446
B;11;5;Ga;71;31;Kr;82;36;19,2465;Sm;147;62;O;17;8;Xe;130;54;11,1556
N;15;7;Ga;69;31;Sr;84;38;11,5636;Sm;148;62;O;18;8;Xe;130;54;11,0755
N;15;7;Ga;71;31;Sr;86;38;14,6133;Sm;147;62;O;16;8;Xe;131;54;13,6166
O;18;8;Ga;71;31;Y;89;39;17,2978;Sm;148;62;O;17;8;Xe;131;54;9,6307
F;19;9;Ga;71;31;Zr;90;40;17,6285;Sm;149;62;O;18;8;Xe;131;54;11,8141
Ne;22;10;Ga;71;31;Nb;93;41;9,5059;Sm;148;62;O;16;8;Xe;132;54;14,4223
Na;23;11;Ga;69;31;Mo;92;42;8,5371;Sm;149;62;O;17;8;Xe;132;54;12,7
Na;23;11;Ga;71;31;Mo;94;42;9,1966;Sm;150;62;O;18;8;Xe;132;54;12,7503
Al;27;13;Ga;71;31;Ru;98;44;0,8151;Sm;150;62;O;16;8;Xe;134;54;15,5532
D;2;1;Gd;157;64;Tb;159;65;12,1951;Sm;152;62;O;18;8;Xe;134;54;13,9091
Н;1;1;Gd;158;64;Tb;159;65;6,4972;Sm;152;62;O;16;8;Xe;136;54;16,1651
He;3;2;Gd;155;64;Dy;158;66;13,6557;Sm;154;62;O;18;8;Xe;136;54;14,5583
He;3;2;Gd;157;64;Dy;160;66;14,1028;Sm;144;62;Ne;22;10;Te;122;52;16,0822
He;3;2;Gd;158;64;Dy;161;66;12,6031;Sm;144;62;Ne;21;10;Te;123;52;12,6879
Не;4;2;Gd;158;64;Dy;162;66;0,217;Sm;144;62;Ne;20;10;Te;124;52;15,3212
He;3;2;Gd;160;64;Dy;163;66;13,7675;Sm;147;62;Ne;22;10;Te;125;52;17,5261
Не;4;2;Gd;160;64;Dy;164;66;0,8318;Sm;147;62;Ne;21;10;Te;126;52;16,3282
Li;7;3;Gd;158;64;Ho;165;67;9,1333;Sm;148;62;Ne;22;10;Te;126;52;18,5675
Be;9;4;Gd;155;64;Er;164;68;5,1009;Sm;148;62;Ne;20;10;Te;128;52;16,2154
Be;9;4;Gd;157;64;Er;166;68;5,3337;Sm;149;62;Ne;21;10;Te;128;52;17,1125
Be;9;4;Gd;158;64;Er;167;68;3,9458;Sm;150;62;Ne;22;10;Te;128;52;19,4822
D;2;1;Ge;73;32;As;75;33;14,794;Sm;150;62;Ne;20;10;Te;130;52;16,6439
Н;1;1;Ge;74;32;As;75;33;6,8884;Sm;152;62;Ne;22;10;Te;130;52;19,9386
Не;4;2;Ge;70;32;Se;74;34;4,2197;Sm;144;62;Na;23;11;Sb;121;51;16,8852
Не;4;2;Ge;72;32;Se;76;34;5,0822;Sm;144;62;Mg;26;12;Sn;118;50;25,4009
He;3;2;Ge;73;32;Se;76;34;18,7799;Sm;144;62;Mg;25;12;Sn;119;50;20,8841
Не;4;2;Ge;73;32;Se;77;34;5,616;Sm;144;62;Mg;24;12;Sn;120;50;22,7983
He;3;2;Ge;74;32;Se;77;34;16,0645;Sm;147;62;Mg;25;12;Sn;122;50;23,632
Не;4;2;Ge;74;32;Se;78;34;5,9662;Sm;148;62;Mg;26;12;Sn;122;50;26,6025
Не;4;2;Ge;76;32;Se;80;34;6,9406;Sm;148;62;Mg;24;12;Sn;124;50;22,612
Li;7;3;Ge;72;32;Br;79;35;18,3868;Sm;149;62;Mg;25;12;Sn;124;50;24,0791
Li;6;3;Ge;73;32;Br;79;35;18,7584;Sm;150;62;Mg;26;12;Sn;124;50;27,1801
Li;7;3;Ge;74;32;Br;81;35;19,3853;Sm;144;62;Si;30;14;Cd;114;48;31,9679
Be;9;4;Ge;73;32;Kr;82;36;20,5516;Sm;144;62;Si;28;14;Cd;116;48;27,6775
Be;9;4;Ge;74;32;Kr;83;36;17,8893;Sm;144;62;S;34;16;Pd;110;46;36,5937
B;11;5;Ge;74;32;Rb;85;37;17,4609;Sm;144;62;Ar;40;18;Ru;104;44;40,7398
B;11;5;Ge;76;32;Rb;87;37;20,0132;Sm;144;62;Ca;48;20;Mo;96;42;50,9872
C;12;6;Ge;72;32;Sr;84;38;8,1096;Sm;144;62;Ca;46;20;Mo;98;42;48,8578
C;13;6;Ge;73;32;Sr;86;38;16,2583;Sm;144;62;Ca;44;20;Mo;100;42;45,2613
C;12;6;Ge;74;32;Sr;86;38;11,0755;Sm;148;62;Ca;48;20;Mo;100;42;50,8847
C;13;6;Ge;74;32;Sr;87;38;14,5443;Sm;144;62;Ti;50;22;Zr;94;40;56,5603
C;12;6;Ge;76;32;Sr;88;38;14,671;Sm;144;62;Ti;48;22;Zr;96;40;51,6998
N;15;7;Ge;74;32;Y;89;39;14,7437;Sm;144;62;Cr;54;24;Sr*;90;38;60,9579
O;18;8;Ge;72;32;Zr;90;40;15,7627;Sm;144;62;Fe;58;26;Kr;86;36;63,119
O;17;8;Ge;73;32;Zr;90;40;16,929;Sm;144;62;Ni;64;28;Se;80;34;62,5768
O;18;8;Ge;73;32;Zr;91;40;16,0869;Sm;144;62;Zn;70;30;Ge;74;32;60,6887
O;16;8;Ge;74;32;Zr;90;40;10,9404;Sm;144;62;Zn;68;30;Ge;76;32;60,943
O;17;8;Ge;74;32;Zr;91;40;14,0041;Eu;151;63;B;11;5;Ce;140;58;4,1964
O;18;8;Ge;74;32;Zr;92;40;14,6431;Eu;153;63;B;11;5;Ce;142;58;2,3427
O;16;8;Ge;76;32;Zr;92;40;10,8845;Eu;151;63;C;13;6;La;138;57;8,8175
O;18;8;Ge;76;32;Zr;94;40;13,3949;Eu;151;63;C;12;6;La;139;57;12,6404
F;19;9;Ge;74;32;Nb;93;41;12,6078;Eu;151;63;N;15;7;Ba;136;56;14,1233
Ne;22;10;Ge;70;32;Mo;92;42;8,8231;Eu;151;63;N;14;7;Ba;137;56;10,0862
Ne;20;10;Ge;72;32;Mo;92;42;7,6699;Eu;153;63;N;15;7;Ba;138;56;14,6636
Ne;22;10;Ge;72;32;Mo;94;42;8,1291;Eu;151;63;O;18;8;Cs;133;55;14,3264
Ne;21;10;Ge;73;32;Mo;94;42;11,6148;Eu;153;63;O;16;8;Cs*;137;55;17,8148
Ne;22;10;Ge;73;32;Mo;95;42;8,4067;Eu;151;63;F;19;9;Xe;132;54;15,8941
Ne;20;10;Ge;74;32;Mo;94;42;8,2456;Eu;153;63;F;19;9;Xe;134;54;15,8885
Ne;21;10;Ge;74;32;Mo;95;42;8,6433;Eu;151;63;Na;23;11;Te;128;52;23,4243
Ne;22;10;Ge;74;32;Mo;96;42;7,438;Eu;153;63;Na;23;11;Te;130;52;22,7163
Ne;20;10;Ge;76;32;Mo;96;42;8,6182;Eu;151;63;Al;27;13;Sn;124;50;30,6042
Ne;21;10;Ge;76;32;Mo;97;42;8,811;Gd;152;64;Не;4;2;Sm;148;62;2,2048
Ne;22;10;Ge;76;32;Mo;98;42;6,7394;Gd;154;64;Не;4;2;Sm;150;62;1,0312
Mg;25;12;Ge;73;32;Ru;98;44;3,4465;Gd;156;64;Не;4;2;Sm;152;62;0,0065
Mg;24;12;Ge;74;32;Ru;98;44;0,6474;Gd;152;64;B;11;5;Pr;141;59;2,6408
Mg;25;12;Ge;74;32;Ru;99;44;0,8477;Gd;152;64;C;12;6;Ce;140;58;12,7708
Mg;26;12;Ge;74;32;Ru;100;44;0,6716;Gd;154;64;C;12;6;Ce;142;58;10,8799
Mg;24;12;Ge;76;32;Ru;100;44;3,1531;Gd;155;64;C;13;6;Ce;142;58;9,4975
Mg;25;12;Ge;76;32;Ru;101;44;2,869;Gd;152;64;N;14;7;La;138;57;8,8287
Mg;26;12;Ge;76;32;Ru;102;44;0,2152;Gd;154;64;N;15;7;La;139;57;13,5551
D;2;1;Hf;178;72;Ta;180;73;9,736;Gd;152;64;O;18;8;Ba;134;56;14,9598
Н;1;1;Hf;179;72;Ta;180;73;5,8917;Gd;152;64;O;17;8;Ba;135;56;13,8103
D;2;1;Hf;179;72;Ta;181;73;11,3102;Gd;152;64;O;16;8;Ba;136;56;18,8674
Н;1;1;Hf;180;72;Ta;181;73;6,1991;Gd;154;64;O;18;8;Ba;136;56;16,0217
He;3;2;Hf;177;72;W;180;74;11,6716;Gd;154;64;O;17;8;Ba;137;56;14,9281
He;3;2;Hf;179;72;W;182;74;12,836;Gd;155;64;O;18;8;Ba;137;56;16,6458
He;3;2;Hf;180;72;W;183;74;11,6903;Gd;154;64;O;16;8;Ba;138;56;19,3704
Li;7;3;Hf;178;72;Re;185;75;6,3854;Gd;155;64;O;17;8;Ba;138;56;17,1823
Li;6;3;Hf;179;72;Re;185;75;7,5693;Gd;156;64;O;18;8;Ba;138;56;16,7017
Li;7;3;Hf;180;72;Re;187;75;6,3854;Gd;152;64;F;19;9;Cs;133;55;14,9365
Be;9;4;Hf;177;72;Os;186;76;1,6078;Gd;156;64;F;19;9;Cs*;137;55;15,719
Be;9;4;Hf;178;72;Os;187;76;0,0894;Gd;152;64;Ne;22;10;Xe;130;54;22,9474
Be;9;4;Hf;179;72;Os;188;76;2,0828;Gd;152;64;Ne;21;10;Xe;131;54;19,1832
Be;9;4;Hf;180;72;Os;189;76;0,6949;Gd;152;64;Ne;20;10;Xe;132;54;21,3554
D;2;1;Hg;201;80;Tl;203;81;11,258;Gd;154;64;Ne;22;10;Xe;132;54;23,4485
Н;1;1;Hg;202;80;Tl;203;81;5,7045;Gd;154;64;Ne;20;10;Xe;134;54;21,3126
Н;1;1;Hg;204;80;Tl;205;81;6,3761;Gd;155;64;Ne;21;10;Xe;134;54;21,7439
He;3;2;Hg;201;80;Pb;204;82;12,3665;Gd;156;64;Ne;22;10;Xe;134;54;23,5826
He;3;2;Hg;204;80;Pb;207;82;12,6814;Gd;156;64;Ne;20;10;Xe;136;54;20,8999
Li;7;3;Hg;202;80;Bi;209;83;5,792;Gd;157;64;Ne;21;10;Xe;136;54;21,3033
Н;1;1;Ho;165;67;Er;166;68;7,1958;Gd;158;64;Ne;22;10;Xe;136;54;23,7475
D;2;1;Ho;165;67;Er;167;68;11,5058;Gd;152;64;Mg;26;12;Te;126;52;31,3886
Li;6;3;Ho;165;67;Yb;171;70;8,3331;Gd;152;64;Mg;24;12;Te;128;52;27,7352
Li;7;3;Ho;165;67;Yb;172;70;9,0774;Gd;154;64;Mg;26;12;Te;128;52;31,1296
Н;1;1;I;127;53;Xe;128;54;8,0472;Gd;154;64;Mg;24;12;Te;130;52;26,99
D;2;1;I;127;53;Xe;129;54;12,7335;Gd;155;64;Mg;25;12;Te;130;52;27,9914
Li;7;3;I;127;53;Ba;134;56;14,9477;Gd;156;64;Mg;26;12;Te;130;52;30,5614
B;11;5;I;127;53;Ce;138;58;7,3933;Gd;152;64;Si;30;14;Sn;122;50;39,4572
Н;1;1;In;113;49;Sn;114;50;5,724;Gd;152;64;Si;28;14;Sn;124;50;34,8034
D;2;1;In;113;49;Sn;115;50;13,8346;Gd;154;64;Si;30;14;Sn;124;50;38,861
Н;1;1;In;115;49;Sn;116;50;9,1147;Gd;152;64;Ca;48;20;Ru;104;44;57,4145
D;2;1;In;115;49;Sn;117;50;14,0767;Gd;152;64;Ge;76;32;Ge;76;32;71,5481
Li;7;3;In;113;49;Te;120;52;14,6943;Tb;159;65;Ne;22;10;Cs*;137;55;24,9128
Li;7;3;In;115;49;Te;122;52;15,9053;Tb;159;65;Na;23;11;Xe;136;54;26,0408
B;11;5;In;113;49;Xe;124;54;6,9536;Dy;156;66;Не;4;2;Gd;152;64;1,5155
B;11;5;In;115;49;Xe;126;54;8,5753;Dy;158;66;Не;4;2;Gd;154;64;0,5934
Н;1;1;Ir;191;77;Pt;192;78;6,7487;Dy;160;66;Не;4;2;Gd;156;64;0,1183
Н;1;1;Ir;193;77;Pt;194;78;7,7267;Dy;161;66;Не;4;2;Gd;157;64;0,0531
D;2;1;Ir;193;77;Pt;195;78;11,7014;Dy;156;66;C;13;6;Nd;143;60;10,0471
Li;7;3;Ir;191;77;Hg;198;80;9,3662;Dy;156;66;C;12;6;Nd;144;60;12,9105
Li;6;3;Ir;193;77;Hg;199;80;9,4547;Dy;158;66;C;13;6;Nd;145;60;7,8674
Li;7;3;Ir;193;77;Hg;200;80;10,1915;Dy;158;66;C;12;6;Nd;146;60;10,4979
Н;1;1;K;39;19;Ca;40;20;8,3369;Dy;160;66;C;12;6;Nd;148;60;7,778
D;2;1;K;40;19;Ca;42;20;18,1474;Dy;161;66;C;13;6;Nd;148;60;6,3025
Н;1;1;K;41;19;Ca;42;20;10,2762;Dy;162;66;C;12;6;Nd;150;60;5,3654
D;2;1;K;41;19;Ca;43;20;15,9816;Dy;163;66;C;13;6;Nd;150;60;4,011
Не;4;2;K;41;19;Sc;45;21;7,9354;Dy;156;66;N;15;7;Pr;141;59;15,148
Li;7;3;K;39;19;Ti;46;22;25,2304;Dy;156;66;O;18;8;Ce;138;58;17,5866
Li;6;3;K;40;19;Ti;46;22;24,6855;Dy;156;66;O;16;8;Ce;140;58;21,4477
Li;7;3;K;40;19;Ti;47;22;26,3194;Dy;158;66;O;18;8;Ce;140;58;17,6798
Li;6;3;K;41;19;Ti;47;22;23,4764;Dy;158;66;O;16;8;Ce;142;58;18,6345
Li;7;3;K;41;19;Ti;48;22;27,8442;Dy;160;66;O;18;8;Ce;142;58;15,4907
Be;9;4;K;41;19;V;50;23;25,0162;Dy;158;66;F;19;9;La;139;57;18,1595
B;11;5;K;39;19;Cr;50;24;25,1205;Dy;156;66;Ne;22;10;Ba;134;56;26,1424
B;10;5;K;40;19;Cr;50;24;28,7794;Dy;156;66;Ne;21;10;Ba;135;56;22,6735
B;11;5;K;41;19;Cr;52;24;28,5279;Dy;156;66;Ne;20;10;Ba;136;56;25,1112
N;15;7;K;39;19;Fe;54;26;22,5431;Dy;158;66;Ne;22;10;Ba;136;56;26,2821
N;14;7;K;40;19;Fe;54;26;25,7363;Dy;158;66;Ne;21;10;Ba;137;56;22,8691
N;15;7;K;41;19;Fe;56;26;25,1606;Dy;158;66;Ne;20;10;Ba;138;56;24,692
O;18;8;K;41;19;Co;59;27;25,9002;Dy;160;66;Ne;22;10;Ba;138;56;26,487
F;19;9;K;39;19;Ni;58;28;24,9426;Dy;156;66;Na;23;11;Cs;133;55;26,9174
F;19;9;K;41;19;Ni;60;28;27,439;Dy;160;66;Na;23;11;Cs*;137;55;26,3026
Ne;22;10;K;41;19;Cu;63;29;22,0065;Dy;156;66;Mg;26;12;Xe;130;54;35,0791
Na;23;11;K;41;19;Zn;64;30;20,9242;Dy;156;66;Mg;25;12;Xe;131;54;30,5837
Cl;37;17;K;41;19;Kr;78;36;6,8586;Dy;156;66;Mg;24;12;Xe;132;54;32,1859
D;2;1;Kr;83;36;Rb;85;37;15,3911;Dy;158;66;Mg;26;12;Xe;132;54;34,6581
Н;1;1;Kr;84;36;Rb;85;37;7,0971;Dy;158;66;Mg;24;12;Xe;134;54;31,2209
Н;1;1;Kr;86;36;Rb;87;37;8,6275;Dy;160;66;Mg;26;12;Xe;134;54;34,3172
Не;4;2;Kr;80;36;Sr;84;38;5,2257;Dy;160;66;Mg;24;12;Xe;136;54;30,3332
Не;4;2;Kr;82;36;Sr;86;38;6,3584;Dy;161;66;Mg;25;12;Xe;136;54;31,2414
He;3;2;Kr;83;36;Sr;86;38;19,4692;Dy;162;66;Mg;26;12;Xe;136;54;34,1467
Не;4;2;Kr;83;36;Sr;87;38;7,3066;Dy;156;66;Si;30;14;Te;126;52;43,5539
He;3;2;Kr;84;36;Sr;87;38;17,3668;Dy;156;66;Si;28;14;Te;128;52;39,2373
Не;4;2;Kr;84;36;Sr;88;38;7,9149;Dy;158;66;Si;30;14;Te;128;52;42,3727
Не;4;2;Kr;86;36;Sr*;90;38;5,4865;Dy;158;66;Si;28;14;Te;130;52;37,57
Li;7;3;Kr;82;36;Y;89;39;22,4099;Dy;160;66;Si;30;14;Te;130;52;41,3295
Li;6;3;Kr;83;36;Y;89;39;22,1947;Dy;156;66;S;34;16;Sn;122;50;48,8895
Be;9;4;Kr;82;36;Zr;91;40;19,0202;Dy;156;66;S;32;16;Sn;124;50;43,2642
Be;9;4;Kr;83;36;Zr;92;40;20,2386;Dy;158;66;S;34;16;Sn;124;50;47,3711
B;11;5;Kr;82;36;Nb;93;41;15,6193;Dy;156;66;Ar;40;18;Cd;116;48;52,5046
B;10;5;Kr;83;36;Nb;93;41;19,608;Dy;156;66;Ca;48;20;Pd;108;46;62,8544
C;12;6;Kr;80;36;Mo;92;42;9,4016;Dy;156;66;Ca;46;20;Pd;110;46;61,079
C;12;6;Kr;82;36;Mo;94;42;8,1441;Dy;158;66;Ca;48;20;Pd;110;46;62,5005
C;13;6;Kr;82;36;Mo;95;42;10,3554;Dy;156;66;Zn;70;30;Kr;86;36;81,7805
C;12;6;Kr;83;36;Mo;95;42;7,8348;Dy;156;66;Ge;76;32;Se;80;34;80,0042
C;13;6;Kr;83;36;Mo;96;42;12,0489;Ho;165;67;N;15;7;Nd;150;60;8,8324
C;12;6;Kr;84;36;Mo;96;42;6,4776;Er;162;68;Не;4;2;Dy;158;66;2,0838
C;13;6;Kr;84;36;Mo;97;42;8,484;Er;164;68;Не;4;2;Dy;160;66;1,7391
C;12;6;Kr;86;36;Mo;98;42;4,7571;Er;166;68;Не;4;2;Dy;162;66;1,2361
O;18;8;Kr;78;36;Ru;96;44;11,1109;Er;167;68;Не;4;2;Dy;163;66;1,0032
O;16;8;Kr;80;36;Ru;96;44;3,4447;Er;168;68;Не;4;2;Dy;164;66;0,8821
O;18;8;Kr;80;36;Ru;98;44;9,355;Er;162;68;C;13;6;Sm;149;62;7,9326
O;16;8;Kr;82;36;Ru;98;44;2,6995;Er;162;68;C;12;6;Sm;150;62;10,9823
O;17;8;Kr;82;36;Ru;99;44;6,0892;Er;164;68;C;12;6;Sm;152;62;9,138
O;18;8;Kr;82;36;Ru;100;44;8,9638;Er;166;68;C;12;6;Sm;154;62;7,8152
O;16;8;Kr;83;36;Ru;99;44;2,7628;Er;167;68;C;13;6;Sm;154;62;6,228
O;17;8;Kr;83;36;Ru;100;44;9,5432;Er;162;68;O;18;8;Nd;144;60;18,3877
O;18;8;Kr;83;36;Ru;101;44;8,5427;Er;162;68;O;17;8;Nd;145;60;16,3067
O;16;8;Kr;84;36;Ru;100;44;3,1661;Er;162;68;O;16;8;Nd;146;60;19,743
O;17;8;Kr;84;36;Ru;101;44;6,0715;Er;164;68;O;18;8;Nd;146;60;16,2546
O;18;8;Kr;84;36;Ru;102;44;6,4683;Er;164;68;O;16;8;Nd;148;60;16,6784
O;16;8;Kr;86;36;Ru;102;44;1,6879;Er;166;68;O;18;8;Nd;148;60;13,7489
O;18;8;Kr;86;36;Ru;104;44;3,9561;Er;166;68;O;16;8;Nd;150;60;13,7628
F;19;9;Kr;84;36;Rh;103;45;4,759;Er;167;68;O;17;8;Nd;150;60;11,3698
Ne;22;10;Kr;80;36;Pd;102;46;2,6343;Er;168;68;O;18;8;Nd;150;60;11,653
Ne;20;10;Kr;82;36;Pd;102;46;0,9175;Er;162;68;Ne;22;10;Ce;140;58;29,4306
Ne;22;10;Kr;82;36;Pd;104;46;1,2184;Er;162;68;Ne;20;10;Ce;142;58;25,4466
Ne;21;10;Kr;83;36;Pd;104;46;4,1172;Er;164;68;Ne;22;10;Ce;142;58;26,8969
Ne;22;10;Kr;83;36;Pd;105;46;0,816;Er;162;68;Na;23;11;La;139;57;30,7086
Ne;20;10;Kr;84;36;Pd;104;46;0,3596;Er;162;68;Mg;26;12;Ba;136;56;38,9821
Ne;21;10;Kr;84;36;Pd;105;46;0,6642;Er;162;68;Mg;25;12;Ba;137;56;34,8379
D;2;1;La;138;57;Ce;140;58;14,0581;Er;162;68;Mg;24;12;Ba;138;56;36,0907
Н;1;1;La;139;57;Ce;140;58;7,5125;Er;164;68;Mg;26;12;Ba;138;56;38,8424
He;3;2;La;138;57;Pr;141;59;14,3916;Er;164;68;Al;27;13;Cs*;137;55;38,14
Li;6;3;La;138;57;Nd;144;60;11,2115;Er;162;68;Si;30;14;Xe;132;54;47,3916
Li;7;3;La;138;57;Nd;145;60;9,9251;Er;162;68;Si;28;14;Xe;134;54;43,2912
Li;6;3;La;139;57;Nd;145;60;8,4077;Er;164;68;Si;30;14;Xe;134;54;46,706
Li;7;3;La;139;57;Nd;146;60;8,7328;Er;164;68;Si;28;14;Xe;136;54;42,0588
B;10;5;La;138;57;Sm;148;62;4,8335;Er;166;68;Si;30;14;Xe;136;54;46,0326
B;10;5;La;139;57;Sm;149;62;1,9273;Er;162;68;S;34;16;Te;128;52;52,3733
D;2;1;Li;7;3;Be;9;4;16,6933;Er;162;68;S;32;16;Te;130;52;46,5989
Не;4;2;Li;6;3;B;10;5;4,4619;Er;164;68;S;34;16;Te;130;52;50,9853
He;3;2;Li;7;3;B;10;5;17,7878;Er;162;68;Ar;40;18;Sn;122;50;58,6897
Не;4;2;Li;7;3;B;11;5;8,6657;Er;162;68;Ar;38;18;Sn;124;50;56,6674
Li;6;3;Li;6;3;C;12;6;28,1796;Er;164;68;Ar;40;18;Sn;124;50;57,4508
Li;6;3;Li;7;3;C;13;6;25,8741;Er;162;68;Ca;48;20;Cd;114;48;67,8752
Н;1;1;Lu;175;71;Hf;176;72;6,581;Er;162;68;Ca;46;20;Cd;116;48;65,2987
D;2;1;Lu;175;71;Hf;177;72;10,7234;Er;164;68;Ca;48;20;Cd;116;48;66,9996
Н;1;1;Lu;176;71;Hf;177;72;6,5996;Er;162;68;Ge;76;32;Kr;86;36;90,1901
D;2;1;Lu;176;71;Hf;178;72;12,0833;Tm;169;69;Не;4;2;Ho;165;67;1,3479
Li;7;3;Lu;175;71;W;182;74;8,0341;Tm;169;69;B;11;5;Gd;158;64;0,8803
Li;6;3;Lu;176;71;W;182;74;8,9386;Tm;169;69;N;15;7;Sm;154;62;11,394
Li;7;3;Lu;176;71;W;183;74;7,8758;Tm;169;69;F;19;9;Nd;150;60;14,1913
Be;9;4;Lu;176;71;Re;185;75;1,7754;Yb;170;70;Не;4;2;Er;166;68;1,7484
B;10;5;Lu;176;71;Os;186;76;1,6199;Yb;171;70;Не;4;2;Er;167;68;1,7018
D;2;1;Mg;25;12;Al;27;13;17,146;Yb;172;70;Не;4;2;Er;168;68;1,469
Н;1;1;Mg;26;12;Al;27;13;8,2726;Yb;174;70;Не;4;2;Er;170;68;0,8449
Не;4;2;Mg;24;12;Si;28;14;9,9865;Yb;170;70;B;11;5;Tb;159;65;0,5822
He;3;2;Mg;25;12;Si;28;14;23,2343;Yb;170;70;C;13;6;Gd;157;64;7,0663
Не;4;2;Mg;25;12;Si;29;14;11,1332;Yb;170;70;C;12;6;Gd;158;64;10,0415
He;3;2;Mg;26;12;Si;29;14;20,614;Yb;171;70;C;13;6;Gd;158;64;8,4077
Не;4;2;Mg;26;12;Si;30;14;10,6498;Yb;172;70;C;12;6;Gd;160;64;8,7933
Li;7;3;Mg;24;12;P;31;15;25,4177;Yb;173;70;C;13;6;Gd;160;64;7,2899
Li;6;3;Mg;25;12;P;31;15;25,3394;Yb;170;70;O;18;8;Sm;152;62;15,1181
Be;9;4;Mg;24;12;S;33;16;24,0046;Yb;170;70;O;16;8;Sm;154;62;16,725
Be;9;4;Mg;25;12;S;34;16;28,0948;Yb;171;70;O;17;8;Sm;154;62;14,2854
B;11;5;Mg;24;12;Cl;35;17;23,7484;Yb;172;70;O;18;8;Sm;154;62;14,3357
B;10;5;Mg;25;12;Cl;35;17;27,874;Yb;170;70;Ne;22;10;Nd;148;60;25,1643
B;11;5;Mg;26;12;Cl;37;17;24,2188;Yb;170;70;Ne;20;10;Nd;150;60;20,2395
C;12;6;Mg;24;12;Ar;36;18;16,2984;Yb;171;70;Ne;21;10;Nd;150;60;20,4193
C;13;6;Mg;25;12;Ar;38;18;24,6557;Yb;172;70;Ne;22;10;Nd;150;60;22,789
C;12;6;Mg;26;12;Ar;38;18;18,5051;Yb;170;70;S;34;16;Xe;136;54;55,6978
N;15;7;Mg;24;12;K;39;19;19,9703;Yb;170;70;Ar;40;18;Te;130;52;61,2886
N;14;7;Mg;25;12;K;39;19;23,6301;Yb;170;70;Ca;48;20;Sn;122;50;73,6877
N;15;7;Mg;25;12;K;40;19;20,437;Yb;170;70;Ca;46;20;Sn;124;50;70,7479
N;14;7;Mg;26;12;K;40;19;20,3299;Yb;172;70;Ca;48;20;Sn;124;50;73,548
N;15;7;Mg;26;12;K;41;19;19,4347;Lu;175;71;B;11;5;Dy;164;66;2,5663
O;16;8;Mg;24;12;Ca;40;20;16,181;Lu;175;71;N;15;7;Gd;160;64;12,7261
O;18;8;Mg;24;12;Ca;42;20;23,8248;Hf;174;72;Не;4;2;Yb;170;70;2,5868
O;17;8;Mg;25;12;Ca;42;20;24,5411;Hf;176;72;Не;4;2;Yb;172;70;2,3166
O;18;8;Mg;25;12;Ca;43;20;24,4238;Hf;177;72;Не;4;2;Yb;173;70;2,4005
O;16;8;Mg;26;12;Ca;42;20;17,5847;Hf;178;72;Не;4;2;Yb;174;70;2,0931
O;17;8;Mg;26;12;Ca;43;20;21,3731;Hf;180;72;Не;4;2;Yb;176;70;1,3665
O;18;8;Mg;26;12;Ca;44;20;24,462;Hf;176;72;B;11;5;Ho;165;67;1,9049
F;19;9;Mg;26;12;Sc;45;21;23,3591;Hf;174;72;C;13;6;Dy;161;66;9,6
Ne;22;10;Mg;24;12;Ti;46;22;22,1668;Hf;174;72;C;12;6;Dy;162;66;12,8453
Ne;21;10;Mg;25;12;Ti;46;22;25,2025;Hf;176;72;C;13;6;Dy;163;66;9,246
Ne;22;10;Mg;25;12;Ti;47;22;23,7224;Hf;176;72;C;12;6;Dy;164;66;11,9418
Ne;20;10;Mg;26;12;Ti;46;22;20,8655;Hf;177;72;C;13;6;Dy;164;66;10,5222
Ne;21;10;Mg;26;12;Ti;47;22;22,9911;Hf;174;72;N;15;7;Tb;159;65;14,1606
Ne;22;10;Mg;26;12;Ti;48;22;24,2449;Hf;174;72;O;18;8;Gd;156;64;17,6984
Mg;25;12;Mg;25;12;Cr;50;24;23,8733;Hf;174;72;O;17;8;Gd;157;64;16,0087
Mg;24;12;Mg;26;12;Cr;50;24;20,1063;Hf;174;72;O;16;8;Gd;158;64;19,7896
Mg;26;12;Mg;26;12;Cr;52;24;22,9781;Hf;176;72;O;18;8;Gd;158;64;17,1302
Н;1;1;Mn;55;25;Fe;56;26;10,1971;Hf;176;72;O;16;8;Gd;160;64;18,2713
D;2;1;Mn;55;25;Fe;57;26;15,6137;Hf;177;72;O;17;8;Gd;160;64;16,0459
Не;4;2;Mn;55;25;Co;59;27;6,9555;Hf;178;72;O;18;8;Gd;160;64;16,385
Li;6;3;Mn;55;25;Ni;61;28;20,6149;Hf;174;72;Ne;22;10;Sm;152;62;27,372
Li;7;3;Mn;55;25;Ni;62;28;23,9524;Hf;174;72;Ne;20;10;Sm;154;62;24,04
B;11;5;Mn;55;25;Zn;66;30;19,8511;Hf;176;72;Ne;22;10;Sm;154;62;26,3194
N;15;7;Mn;55;25;Ge;70;32;12,8406;Hf;174;72;Mg;26;12;Nd;148;60;38,3673
F;19;9;Mn;55;25;Se;74;34;13,0493;Hf;174;72;Mg;24;12;Nd;150;60;32,1412
Na;23;11;Mn;55;25;Kr;78;36;6,948;Hf;176;72;Mg;26;12;Nd;150;60;35,7219
Не;4;2;Mo;92;42;Ru;96;44;1,2044;Hf;174;72;Cl;37;17;Cs*;137;55;62,9168
Не;4;2;Mo;94;42;Ru;98;44;1,7167;Hf;174;72;Ar;40;18;Xe;134;54;67,5128
He;3;2;Mo;95;42;Ru;98;44;15,1368;Hf;174;72;Ar;38;18;Xe;136;54;65,4971
Не;4;2;Mo;95;42;Ru;99;44;2,0893;Hf;176;72;Ar;40;18;Xe;136;54;67,1095
He;3;2;Mo;96;42;Ru;99;44;13,5067;Hf;174;72;Ca;48;20;Te;126;52;78,8556
Не;4;2;Mo;96;42;Ru;100;44;3,8499;Hf;174;72;Ca;46;20;Te;128;52;76,253
He;3;2;Mo;97;42;Ru;100;44;17,4748;Hf;176;72;Ca;48;20;Te;128;52;78,783
Не;4;2;Mo;97;42;Ru;101;44;3,943;Hf;174;72;Ca;44;20;Te;130;52;72,7217
He;3;2;Mo;98;42;Ru;101;44;16,2266;Hf;176;72;Ca;46;20;Te;130;52;75,6941
Не;4;2;Mo;98;42;Ru;102;44;4,0921;Hf;178;72;Ca;48;20;Te;130;52;78,9972
Не;4;2;Mo;100;42;Ru;104;44;4,3249;Hf;174;72;Ti;50;22;Sn;124;50;84,0487
Li;7;3;Mo;96;42;Rh;103;45;14,6757;Ta;180;73;Не;4;2;Lu;176;71;2,0279
Li;6;3;Mo;97;42;Rh;103;45;14,9747;Ta;181;73;B;11;5;Er;170;68;2,9482
Be;9;4;Mo;95;42;Pd;104;46;13,3632;W;180;74;Не;4;2;Hf;176;72;2,5402
Be;9;4;Mo;96;42;Pd;105;46;11,2674;W;182;74;Не;4;2;Hf;178;72;1,6739
Be;9;4;Mo;97;42;Pd;106;46;13,7265;W;183;74;Не;4;2;Hf;179;72;1,5528
B;11;5;Mo;96;42;Ag;107;47;8,2763;W;184;74;Не;4;2;Hf;180;72;1,469
B;10;5;Mo;97;42;Ag;107;47;12,7792;W;180;74;B;11;5;Tm;169;69;3,0972
B;11;5;Mo;98;42;Ag;109;47;9,4221;W;180;74;C;13;6;Er;167;68;10,783
C;13;6;Mo;95;42;Cd;108;48;4,7264;W;180;74;C;12;6;Er;168;68;13,5998
C;12;6;Mo;96;42;Cd;108;48;0,5123;W;182;74;C;12;6;Er;170;68;11,8859
C;13;6;Mo;97;42;Cd;110;48;5,7138;W;183;74;C;13;6;Er;170;68;10,6433
C;12;6;Mo;98;42;Cd;110;48;2,366;W;180;74;N;15;7;Ho;165;67;15,4367
C;13;6;Mo;98;42;Cd;111;48;4,0557;W;180;74;O;18;8;Dy;162;66;19,8874
C;12;6;Mo;100;42;Cd;112;48;4,406;W;180;74;O;17;8;Dy;163;66;18,1418
C;13;6;Mo;100;42;Cd;113;48;5,8815;W;180;74;O;16;8;Dy;164;66;21,6433
N;15;7;Mo;98;42;In;113;49;1,2463;W;182;74;O;18;8;Dy;164;66;18,8907
N;15;7;Mo;100;42;In;115;49;3,3608;W;180;74;Ne;22;10;Gd;158;64;29,3374
O;18;8;Mo;97;42;Sn;115;50;1,2855;W;180;74;Ne;20;10;Gd;160;64;25,5397
O;17;8;Mo;98;42;Sn;115;50;1,0377;W;182;74;Ne;22;10;Gd;160;64;27,7259
O;18;8;Mo;98;42;Sn;116;50;2,3846;W;180;74;Mg;26;12;Sm;154;62;39,4758
O;16;8;Mo;100;42;Sn;116;50;0,3493;W;180;74;Si;30;14;Nd;150;60;48,9118
O;17;8;Mo;100;42;Sn;117;50;3,3944;W;180;74;Ca;48;20;Xe;132;54;84,2583
O;18;8;Mo;100;42;Sn;118;50;4,6016;W;180;74;Ca;46;20;Xe;134;54;81,8718
D;2;1;N;14;7;O;16;8;20,8925;W;182;74;Ca;48;20;Xe;134;54;84,3086
Н;1;1;N;15;7;O;16;8;12,1262;W;180;74;Ca;44;20;Xe;136;54;78,4961
D;2;1;N;15;7;O;17;8;14,0432;W;182;74;Ca;46;20;Xe;136;54;81,3753
Не;4;2;N;15;7;F;19;9;4,011;W;184;74;Ca;48;20;Xe;136;54;85,1441
Li;6;3;N;14;7;Ne;20;10;24,1499;W;180;74;Ti;50;22;Te;130;52;88,9484
Li;7;3;N;14;7;Ne;21;10;23,6581;Re;185;75;Не;4;2;Ta;181;73;2,2701
Li;6;3;N;15;7;Ne;21;10;19,92;Re;185;75;B;11;5;Yb;174;70;4,3734
Li;7;3;N;15;7;Ne;22;10;23,034;Re;187;75;B;11;5;Yb;176;70;3,6468
Be;9;4;N;14;7;Na;23;11;23,8975;Re;185;75;N;15;7;Er;170;68;16,2099
B;10;5;N;14;7;Mg;24;12;29,003;Re;185;75;Ca;48;20;Cs*;137;55;87,4086
B;11;5;N;14;7;Mg;25;12;24,8774;Os;184;76;Не;4;2;W;180;74;2,7731
B;10;5;N;15;7;Mg;25;12;25,3432;Os;186;76;Не;4;2;W;182;74;2,8569
B;11;5;N;15;7;Mg;26;12;24,9845;Os;187;76;Не;4;2;W;183;74;2,8569
C;13;6;N;14;7;Al;27;13;23,3442;Os;188;76;Не;4;2;W;184;74;2,2142
C;12;6;N;15;7;Al;27;13;17,3006;Os;190;76;Не;4;2;W;186;74;1,5435
N;14;7;N;14;7;Si;28;14;27,5322;Os;186;76;B;11;5;Lu;175;71;3,4884
N;14;7;N;15;7;Si;29;14;25,019;Os;187;76;B;11;5;Lu;176;71;3,6468
N;15;7;N;15;7;Si;30;14;24,6427;Os;184;76;C;13;6;Yb;171;70;11,8542
Н;1;1;Na;23;11;Mg;24;12;11,693;Os;184;76;C;12;6;Yb;172;70;14,9039
D;2;1;Na;23;11;Mg;25;12;16,7995;Os;186;76;C;13;6;Yb;173;70;11,4443
Не;4;2;Na;23;11;Al;27;13;10,0983;Os;186;76;C;12;6;Yb;174;70;13,8979
Li;6;3;Na;23;11;Si;29;14;26,4619;Os;187;76;C;13;6;Yb;174;70;12,6553
Li;7;3;Na;23;11;Si;30;14;29,8236;Os;188;76;C;12;6;Yb;176;70;12,3237
B;10;5;Na;23;11;S;33;16;29,1101;Os;189;76;C;13;6;Yb;176;70;11,3232
B;11;5;Na;23;11;S;34;16;29,0747;Os;184;76;N;15;7;Tm;169;69;16,8619
C;12;6;Na;23;11;Cl;35;17;19,485;Os;184;76;O;18;8;Er;166;68;21,4244
N;15;7;Na;23;11;Ar;38;18;25,2957;Os;184;76;O;17;8;Er;167;68;19,9116
O;16;8;Na;23;11;K;39;19;19,5372;Os;184;76;O;16;8;Er;168;68;23,5342
O;17;8;Na;23;11;K;40;19;23,1933;Os;186;76;O;18;8;Er;168;68;20,8655
O;18;8;Na;23;11;K;41;19;25,2416;Os;186;76;O;16;8;Er;170;68;21,9041
F;19;9;Na;23;11;Ca;42;20;27,5257;Os;187;76;O;17;8;Er;170;68;19,8557
Ne;22;10;Na;23;11;Sc;45;21;23,51;Os;188;76;O;18;8;Er;170;68;19,8408
Na;23;11;Na;23;11;Ti;46;22;25,0693;Os;184;76;F;19;9;Ho;165;67;22,2208
Н;1;1;Nb;93;41;Mo;94;42;8,4813;Os;184;76;Ne;22;10;Dy;162;66;32,3275
D;2;1;Nb;93;41;Mo;95;42;13,4154;Os;184;76;Ne;21;10;Dy;163;66;28,2625
Li;6;3;Nb;93;41;Ru;99;44;14,0339;Os;184;76;Ne;20;10;Dy;164;66;29,1446
Li;7;3;Nb;93;41;Ru;100;44;17,703;Os;186;76;Ne;22;10;Dy;164;66;31,4146
B;11;5;Nb;93;41;Pd;104;46;10,959;Os;184;76;Mg;26;12;Gd;158;64;42,7267
N;15;7;Nb;93;41;Cd;108;48;1,9822;Os;184;76;Mg;24;12;Gd;160;64;37,6277
He;3;2;Nd;144;60;Sm;147;62;10,5352;Os;186;76;Mg;26;12;Gd;160;64;41,1991
He;3;2;Nd;145;60;Sm;148;62;12,6963;Os;184;76;Si;30;14;Sm;154;62;52,8986
He;3;2;Nd;146;60;Sm;149;62;10,9823;Os;184;76;S;34;16;Nd;150;60;59,6016
Не;4;2;Nd;150;60;Sm;154;62;1,2137;Os;184;76;Ca;48;20;Ba;136;56;89,2716
Li;7;3;Nd;144;60;Eu;151;63;5,8451;Os;184;76;Ca;46;20;Ba;138;56;87,431
Li;6;3;Nd;145;60;Eu;151;63;7,1315;Os;186;76;Ca;48;20;Ba;138;56;89,9516
Li;7;3;Nd;146;60;Eu;153;63;7,2983;Os;184;76;Ti;50;22;Xe;134;54;95,3589
Be;9;4;Nd;143;60;Gd;152;64;2,1201;Os;184;76;Ti;48;22;Xe;136;54;90,7191
Be;9;4;Nd;145;60;Gd;154;64;3,3776;Os;186;76;Ti;50;22;Xe;136;54;94,9463
Be;9;4;Nd;146;60;Gd;155;64;2,1294;Os;184;76;Cr;54;24;Te;130;52;99,6522
Be;9;4;Nd;148;60;Gd;157;64;4,4022;Ir;191;77;Не;4;2;Re;187;75;2,1303
B;11;5;Nd;148;60;Tb;159;65;0,7778;Ir;191;77;B;11;5;Hf;180;72;4,4106
D;2;1;Ne;21;10;Na;23;11;16,9327;Ir;191;77;N;15;7;Yb;176;70;16,7688
Н;1;1;Ne;22;10;Na;23;11;8,7905;Pt;190;78;Не;4;2;Os;186;76;3,1736
Не;4;2;Ne;20;10;Mg;24;12;9,3149;Pt;192;78;Не;4;2;Os;188;76;2,6613
He;3;2;Ne;21;10;Mg;24;12;23,1327;Pt;194;78;Не;4;2;Os;190;76;1,4969
Не;4;2;Ne;21;10;Mg;25;12;9,885;Pt;196;78;Не;4;2;Os;192;76;0,9017
He;3;2;Ne;22;10;Mg;25;12;20,097;Pt;192;78;B;11;5;Ta;181;73;3,861
Не;4;2;Ne;22;10;Mg;26;12;10,6162;Pt;190;78;C;13;6;Hf;177;72;12,2175
Li;7;3;Ne;20;10;Al;27;13;25,0684;Pt;190;78;C;12;6;Hf;178;72;14,9784
Li;6;3;Ne;21;10;Al;27;13;25,5602;Pt;192;78;C;13;6;Hf;179;72;11,2301
Be;9;4;Ne;20;10;Si;29;14;26,2094;Pt;192;78;C;12;6;Hf;180;72;13,6184
Be;9;4;Ne;21;10;Si;30;14;30,063;Pt;190;78;N;15;7;Lu;175;71;17,6537
B;11;5;Ne;20;10;P;31;15;26,0669;Pt;190;78;N;14;7;Lu;176;71;13,0111
B;10;5;Ne;21;10;P;31;15;30,7626;Pt;190;78;O;18;8;Yb;172;70;22,5701
C;12;6;Ne;20;10;S;32;16;18,9727;Pt;190;78;O;17;8;Yb;173;70;20,9735
C;13;6;Ne;20;10;S;33;16;22,6679;Pt;190;78;O;16;8;Yb;174;70;24,2328
C;12;6;Ne;21;10;S;33;16;20,8543;Pt;192;78;O;18;8;Yb;174;70;21,6572
C;13;6;Ne;21;10;S;34;16;27,3282;Pt;192;78;O;16;8;Yb;176;70;22,1463
C;12;6;Ne;22;10;S;34;16;21,9087;Pt;194;78;O;18;8;Yb;176;70;19,4775
N;15;7;Ne;20;10;Cl;35;17;22,0718;Pt;190;78;Ne;22;10;Er;168;68;33,7061
N;14;7;Ne;21;10;Cl;35;17;26,3017;Pt;190;78;Ne;20;10;Er;170;68;29,8059
N;15;7;Ne;22;10;Cl;37;17;23,8435;Pt;192;78;Ne;22;10;Er;170;68;32,1691
O;16;8;Ne;20;10;Ar;36;18;18,452;Pt;190;78;Mg;26;12;Dy;164;66;45,2045
O;18;8;Ne;20;10;Ar;38;18;26,8988;Pt;190;78;Si;30;14;Gd;160;64;55,0224
O;17;8;Ne;21;10;Ar;38;18;28,1851;Pt;190;78;Ar;40;18;Nd;150;60;71,5909
O;16;8;Ne;22;10;Ar;38;18;21,96;Pt;190;78;Ca;48;20;Ce;142;58;91,7959
O;18;8;Ne;22;10;Ar;40;18;26,2318;Pt;190;78;Cr;54;24;Xe;136;54;106,0506
F;19;9;Ne;20;10;K;39;19;25,2742;Pt;190;78;Cr;54;24;Xe;136;54;106,0506
F;19;9;Ne;21;10;K;40;19;26,311;Au;197;79;Не;4;2;Ir;193;77;0,6232
F;19;9;Ne;22;10;K;41;19;26,0399;Au;197;79;B;11;5;W;186;74;2,7079
Ne;20;10;Ne;20;10;Ca;40;20;20,7677;Hg;196;80;Не;4;2;Pt;192;78;1,6664
Ne;21;10;Ne;21;10;Ca;42;20;27,0785;Hg;198;80;Не;4;2;Pt;194;78;1,292
Ne;20;10;Ne;22;10;Ca;42;20;23,4727;Hg;199;80;Не;4;2;Pt;195;78;0,7759
Ne;21;10;Ne;22;10;Ca;43;20;24,6417;Hg;200;80;Не;4;2;Pt;196;78;0,7079
Ne;22;10;Ne;22;10;Ca;44;20;25,4112;Hg;202;80;Не;4;2;Pt;198;78;0,463
D;2;1;Ni;61;28;Cu;63;29;14,4903;Hg;196;80;B;11;5;Re;185;75;3,2574
Н;1;1;Ni;62;28;Cu;63;29;6,1246;Hg;198;80;B;11;5;Re;187;75;1,4298
Н;1;1;Ni;64;28;Cu;65;29;7,4501;Hg;196;80;C;13;6;W;183;74;11,3437
Не;4;2;Ni;60;28;Zn;64;30;3,9505;Hg;196;80;C;12;6;W;184;74;13,8159
He;3;2;Ni;61;28;Zn;64;30;16,7054;Hg;198;80;C;12;6;W;186;74;11,6064
Не;4;2;Ni;62;28;Zn;66;30;4,5643;Hg;199;80;C;13;6;W;186;74;9,8384
He;3;2;Ni;64;28;Zn;67;30;15,6864;Hg;196;80;N;15;7;Ta;181;73;16,5191
Не;4;2;Ni;64;28;Zn;68;30;5,3067;Hg;196;80;O;18;8;Hf;178;72;21,2306
Li;7;3;Ni;62;28;Ga;69;31;17,3891;Hg;196;80;O;17;8;Hf;179;72;19,2521
Li;7;3;Ni;64;28;Ga;71;31;17,8139;Hg;196;80;O;16;8;Hf;180;72;22,4462
Be;9;4;Ni;61;28;Ge;70;32;17,5661;Hg;198;80;O;18;8;Hf;180;72;19,403
Be;9;4;Ni;64;28;Ge;73;32;15,6351;Hg;196;80;Ne;22;10;Yb;174;70;32,9907
B;11;5;Ni;64;28;As;75;33;14,6096;Hg;196;80;Ne;20;10;Yb;176;70;28,541
C;13;6;Ni;61;28;Se;74;34;11,1341;Hg;198;80;Ne;22;10;Yb;176;70;30,4366
C;12;6;Ni;62;28;Se;74;34;5,4912;Hg;196;80;Mg;26;12;Er;170;68;44,4518
C;12;6;Ni;64;28;Se;76;34;8,1319;Hg;196;80;Ca;48;20;Nd;148;60;90,3354
C;13;6;Ni;64;28;Se;77;34;10,5995;Hg;196;80;Ca;46;20;Nd;150;60;85,16
N;15;7;Ni;64;28;Br;79;35;9,0532;Hg;198;80;Ca;48;20;Nd;150;60;87,3061
O;18;8;Ni;60;28;Kr;78;36;8,9191;Tl;203;81;B;11;5;Os;192;76;1,5053
O;17;8;Ni;61;28;Kr;78;36;9,1426;Pb;204;82;Не;4;2;Hg;200;80;1,9766
O;16;8;Ni;62;28;Kr;78;36;2,6939;Pb;206;82;Не;4;2;Hg;202;80;1,1299
O;18;8;Ni;62;28;Kr;80;36;10,3601;Pb;208;82;Не;4;2;Hg;204;80;0,5207
O;16;8;Ni;64;28;Kr;80;36;6,0463;Pb;204;82;B;11;5;Ir;193;77;0,4508
O;18;8;Ni;64;28;Kr;82;36;12,7019;Pb;204;82;C;12;6;Os;192;76;10,8603
Ne;22;10;Ni;62;28;Sr;84;38;5,9187;Pb;204;82;O;18;8;W;186;74;18,2284
Ne;20;10;Ni;64;28;Sr;84;38;6,5437;Bi;209;83;Не;4;2;Tl;205;81;3,1224
Ne;22;10;Ni;64;28;Sr;86;38;9,3932;Bi;209;83;B;11;5;Pt;198;78;3,3366
Mg;26;12;Ni;64;28;Zr;90;40;5,8032;;;;;;;;;;
D;2;1;O;17;8;F;19;9;13,815;;;;;;;;;;
Н;1;1;O;18;8;F;19;9;7,9922;;;;;;;;;;
Не;4;2;O;16;8;Ne;20;10;4,7283;;;;;;;;;;
He;3;2;O;17;8;Ne;20;10;21,1654;;;;;;;;;;
Не;4;2;O;17;8;Ne;21;10;7,3476;;;;;;;;;;
He;3;2;O;18;8;Ne;21;10;19,879;;;;;;;;;;
Не;4;2;O;18;8;Ne;22;10;9,667;;;;;;;;;;
Li;7;3;O;16;8;Na;23;11;19,6983;;;;;;;;;;
Li;6;3;O;17;8;Na;23;11;22,8095;;;;;;;;;;
Be;9;4;O;16;8;Mg;25;12;19,8045;;;;;;;;;;
Be;9;4;O;17;8;Mg;26;12;26,7609;;;;;;;;;;
B;11;5;O;16;8;Al;27;13;21,1309;;;;;;;;;;
B;10;5;O;17;8;Al;27;13;28,446;;;;;;;;;;
C;12;6;O;16;8;Si;28;14;16,7557;;;;;;;;;;
C;13;6;O;16;8;Si;29;14;20,2861;;;;;;;;;;
C;12;6;O;17;8;Si;29;14;21,0918;;;;;;;;;;
C;13;6;O;17;8;Si;30;14;26,759;;;;;;;;;;
C;12;6;O;18;8;Si;30;14;23,659;;;;;;;;;;
N;15;7;O;16;8;P;31;15;19,8036;;;;;;;;;;
N;14;7;O;17;8;P;31;15;26,6528;;;;;;;;;;
O;16;8;O;16;8;S;32;16;16,5396;;;;;;;;;;
O;16;8;O;17;8;S;33;16;21,0406;;;;;;;;;;
O;17;8;O;17;8;S;34;16;28,3202;;;;;;;;;;
O;16;8;O;18;8;S;34;16;24,4145;;;;;;;;;;
D;2;1;Os;189;76;Ir;191;77;10,714;;;;;;;;;;
Н;1;1;Os;190;76;Ir;191;77;5,1931;;;;;;;;;;
Н;1;1;Os;192;76;Ir;193;77;5,547;;;;;;;;;;
He;3;2;Os;187;76;Pt;190;78;11,2152;;;;;;;;;;
He;3;2;Os;189;76;Pt;192;78;11,9697;;;;;;;;;;
He;3;2;Os;192;76;Pt;195;78;11,7555;;;;;;;;;;
Li;7;3;Os;190;76;Au;197;79;7,5013;;;;;;;;;;
Be;9;4;Os;187;76;Hg;196;80;2,1648;;;;;;;;;;
Be;9;4;Os;189;76;Hg;198;80;3,3869;;;;;;;;;;
Be;9;4;Os;190;76;Hg;199;80;2,3567;;;;;;;;;;
Be;9;4;Os;192;76;Hg;201;80;3,0562;;;;;;;;;;
Н;1;1;P;31;15;S;32;16;8,8622;;;;;;;;;;
D;2;1;P;31;15;S;33;16;15,2802;;;;;;;;;;
Не;4;2;P;31;15;Cl;35;17;6,9965;;;;;;;;;;
Li;7;3;P;31;15;Ar;38;18;25,1904;;;;;;;;;;
Be;9;4;P;31;15;K;40;19;20,4379;;;;;;;;;;
B;11;5;P;31;15;Ca;42;20;22,7657;;;;;;;;;;
N;15;7;P;31;15;Ti;46;22;19,7831;;;;;;;;;;
F;19;9;P;31;15;Cr;50;24;24,3278;;;;;;;;;;
Na;23;11;P;31;15;Fe;54;26;22,2767;;;;;;;;;;
Al;27;13;P;31;15;Ni;58;28;18,5889;;;;;;;;;;
D;2;1;Pb;207;82;Bi;209;83;8,9265;;;;;;;;;;
Н;1;1;Pb;208;82;Bi;209;83;3,7744;;;;;;;;;;
D;2;1;Pd;105;46;Ag;107;47;12,8285;;;;;;;;;;
Н;1;1;Pd;106;46;Ag;107;47;5,6402;;;;;;;;;;
Н;1;1;Pd;108;46;Ag;109;47;6,5624;;;;;;;;;;
Не;4;2;Pd;102;46;Cd;106;48;1,4839;;;;;;;;;;
Не;4;2;Pd;104;46;Cd;108;48;2,0148;;;;;;;;;;
He;3;2;Pd;105;46;Cd;108;48;15,528;;;;;;;;;;
Не;4;2;Pd;106;46;Cd;110;48;2,6389;;;;;;;;;;
He;3;2;Pd;108;46;Cd;111;48;14,3823;;;;;;;;;;
Не;4;2;Pd;108;46;Cd;112;48;3,4307;;;;;;;;;;
He;3;2;Pd;110;46;Cd;113;48;14,8294;;;;;;;;;;
Не;4;2;Pd;110;46;Cd;114;48;3,291;;;;;;;;;;
Li;7;3;Pd;106;46;In;113;49;13,9025;;;;;;;;;;
Li;7;3;Pd;108;46;In;115;49;14,7688;;;;;;;;;;
Be;9;4;Pd;105;46;Sn;114;50;10,1216;;;;;;;;;;
Be;9;4;Pd;106;46;Sn;115;50;11,0438;;;;;;;;;;
Be;9;4;Pd;108;46;Sn;117;50;12,1523;;;;;;;;;;
Be;9;4;Pd;110;46;Sn;119;50;12,3851;;;;;;;;;;
B;11;5;Pd;110;46;Sb;121;51;9,3662;;;;;;;;;;
C;12;6;Pd;110;46;Te;122;52;1,3972;;;;;;;;;;
C;13;6;Pd;110;46;Te;123;52;3,4223;;;;;;;;;;
O;18;8;Pd;110;46;Xe;128;54;0,1136;;;;;;;;;;
Н;1;1;Pr;141;59;Nd;142;60;7,207;;;;;;;;;;
D;2;1;Pr;141;59;Nd;143;60;11,0587;;;;;;;;;;
Li;6;3;Pr;141;59;Sm;147;62;7,3551;;;;;;;;;;
Li;7;3;Pr;141;59;Sm;148;62;8,2298;;;;;;;;;;
D;2;1;Pt;195;78;Au;197;79;11,5226;;;;;;;;;;
Н;1;1;Pt;196;78;Au;197;79;5,8256;;;;;;;;;;
He;3;2;Pt;195;78;Hg;198;80;13,0875;;;;;;;;;;
He;3;2;Pt;196;78;Hg;199;80;11,8812;;;;;;;;;;
He;3;2;Pt;198;78;Hg;201;80;12,3376;;;;;;;;;;
Li;7;3;Pt;196;78;Tl;203;81;8,0621;;;;;;;;;;
Li;7;3;Pt;198;78;Tl;205;81;8,4514;;;;;;;;;;
Be;9;4;Pt;195;78;Pb;204;82;3,6673;;;;;;;;;;
Be;9;4;Pt;198;78;Pb;207;82;3,5564;;;;;;;;;;
Н;1;1;Rb;85;37;Sr;86;38;9,5711;;;;;;;;;;
D;2;1;Rb;85;37;Sr;87;38;15,7627;;;;;;;;;;
Н;1;1;Rb;87;37;Sr;88;38;10,6144;;;;;;;;;;
Не;4;2;Rb;85;37;Y;89;39;8,2745;;;;;;;;;;
Li;6;3;Rb;85;37;Zr;91;40;20,1072;;;;;;;;;;
Li;7;3;Rb;85;37;Zr;92;40;21,5408;;;;;;;;;;
Li;7;3;Rb;87;37;Zr;94;40;17,7403;;;;;;;;;;
B;10;5;Rb;85;37;Mo;95;42;17,6323;;;;;;;;;;
B;11;5;Rb;85;37;Mo;96;42;15,3371;;;;;;;;;;
B;10;5;Rb;87;37;Mo;97;42;15,2476;;;;;;;;;;
B;11;5;Rb;87;37;Mo;98;42;12,0861;;;;;;;;;;
N;14;7;Rb;85;37;Ru;99;44;8,2642;;;;;;;;;;
N;15;7;Rb;85;37;Ru;100;44;8,1953;;;;;;;;;;
N;14;7;Rb;87;37;Ru;101;44;7,7333;;;;;;;;;;
N;15;7;Rb;87;37;Ru;102;44;5,1866;;;;;;;;;;
O;18;8;Rb;85;37;Rh;103;45;5,6542;;;;;;;;;;
F;19;9;Rb;85;37;Pd;104;46;6,1059;;;;;;;;;;
F;19;9;Rb;87;37;Pd;106;46;4,0846;;;;;;;;;;
Н;1;1;Re;185;75;Os;186;76;6,432;;;;;;;;;;
D;2;1;Re;185;75;Os;187;76;10,3973;;;;;;;;;;
Н;1;1;Re;187;75;Os;188;76;7,2796;;;;;;;;;;
D;2;1;Re;187;75;Os;189;76;11,0028;;;;;;;;;;
Li;7;3;Re;185;75;Pt;192;78;7,0747;;;;;;;;;;
Li;7;3;Re;187;75;Pt;194;78;8,5278;;;;;;;;;;
Н;1;1;Rh;103;45;Pd;104;46;8,444;;;;;;;;;;
D;2;1;Rh;103;45;Pd;105;46;13,285;;;;;;;;;;
Не;4;2;Rh;103;45;Ag;107;47;2,2663;;;;;;;;;;
Li;7;3;Rh;103;45;Cd;110;48;16,6132;;;;;;;;;;
B;11;5;Rh;103;45;Sn;114;50;7,587;;;;;;;;;;
D;2;1;Ru;101;44;Rh;103;45;12,5025;;;;;;;;;;
Н;1;1;Ru;102;44;Rh;103;45;6,2829;;;;;;;;;;
Не;4;2;Ru;98;44;Pd;102;46;2,9463;;;;;;;;;;
He;3;2;Ru;99;44;Pd;102;46;15,9938;;;;;;;;;;
Не;4;2;Ru;100;44;Pd;104;46;1,9217;;;;;;;;;;
He;3;2;Ru;101;44;Pd;104;46;15,4535;;;;;;;;;;
Не;4;2;Ru;101;44;Pd;105;46;1,9403;;;;;;;;;;
He;3;2;Ru;102;44;Pd;105;46;14,0749;;;;;;;;;;
Не;4;2;Ru;102;44;Pd;106;46;2,9091;;;;;;;;;;
Не;4;2;Ru;104;44;Pd;108;46;3,9244;;;;;;;;;;
Li;7;3;Ru;100;44;Ag;107;47;13,0921;;;;;;;;;;
Li;6;3;Ru;101;44;Ag;107;47;13,298;;;;;;;;;;
Li;7;3;Ru;102;44;Ag;109;47;13,9957;;;;;;;;;;
Be;9;4;Ru;99;44;Cd;108;48;13,2887;;;;;;;;;;
Be;9;4;Ru;101;44;Cd;110;48;12,4224;;;;;;;;;;
Be;9;4;Ru;102;44;Cd;111;48;10,6153;;;;;;;;;;
Be;9;4;Ru;104;44;Cd;113;48;12,2082;;;;;;;;;;
B;11;5;Ru;102;44;In;113;49;8,1459;;;;;;;;;;
B;11;5;Ru;104;44;In;115;49;10,0275;;;;;;;;;;
C;13;6;Ru;99;44;Sn;112;50;4,1861;;;;;;;;;;
C;13;6;Ru;101;44;Sn;114;50;1,4103;;;;;;;;;;
C;13;6;Ru;102;44;Sn;115;50;3,3012;;;;;;;;;;
C;12;6;Ru;104;44;Sn;116;50;3,1857;;;;;;;;;;
C;13;6;Ru;104;44;Sn;117;50;5,425;;;;;;;;;;
O;18;8;Ru;104;44;Te;122;52;1,5742;;;;;;;;;;
D;2;1;S;33;16;Cl;35;17;15,5634;;;;;;;;;;
Н;1;1;S;34;16;Cl;35;17;6,3668;;;;;;;;;;
Не;4;2;S;32;16;Ar;36;18;6,6406;;;;;;;;;;
He;3;2;S;33;16;Ar;36;18;18,5768;;;;;;;;;;
Не;4;2;S;34;16;Ar;38;18;7,2126;;;;;;;;;;
Li;7;3;S;32;16;K;39;19;22,6959;;;;;;;;;;
Li;6;3;S;33;16;K;39;19;21,3061;;;;;;;;;;
Li;7;3;S;33;16;K;40;19;21,851;;;;;;;;;;
Li;6;3;S;34;16;K;40;19;17,6826;;;;;;;;;;
Li;7;3;S;34;16;K;41;19;20,5255;;;;;;;;;;
Be;9;4;S;33;16;Ca;42;20;23,3051;;;;;;;;;;
Be;9;4;S;34;16;Ca;43;20;19,8138;;;;;;;;;;
B;11;5;S;34;16;Sc;45;21;19,7952;;;;;;;;;;
C;13;6;S;33;16;Ti;46;22;20,6624;;;;;;;;;;
C;12;6;S;34;16;Ti;46;22;14,1885;;;;;;;;;;
C;13;6;S;34;16;Ti;47;22;18,1278;;;;;;;;;;
O;18;8;S;32;16;Cr;50;24;23,4578;;;;;;;;;;
O;17;8;S;33;16;Cr;50;24;22,8626;;;;;;;;;;
O;16;8;S;34;16;Cr;50;24;15,583;;;;;;;;;;
O;18;8;S;34;16;Cr;52;24;24,6948;;;;;;;;;;
Ne;22;10;S;32;16;Fe;54;26;22,205;;;;;;;;;;
Ne;21;10;S;33;16;Fe;54;26;23,9292;;;;;;;;;;
Ne;20;10;S;34;16;Fe;54;26;19,2689;;;;;;;;;;
Ne;22;10;S;34;16;Fe;56;26;22,6521;;;;;;;;;;
Mg;26;12;S;32;16;Ni;58;28;17,9993;;;;;;;;;;
Mg;25;12;S;33;16;Ni;58;28;20,4547;;;;;;;;;;
Mg;24;12;S;34;16;Ni;58;28;16,3645;;;;;;;;;;
Mg;26;12;S;34;16;Ni;60;28;18,3253;;;;;;;;;;
Si;30;14;S;34;16;Zn;64;30;11,626;;;;;;;;;;
Н;1;1;Sb;121;51;Te;122;52;7,9876;;;;;;;;;;
D;2;1;Sb;121;51;Te;123;52;12,7354;;;;;;;;;;
Н;1;1;Sb;123;51;Te;124;52;8,5837;;;;;;;;;;
D;2;1;Sb;123;51;Te;125;52;12,8844;;;;;;;;;;
Не;4;2;Sb;123;51;I;127;53;2,2365;;;;;;;;;;
Li;7;3;Sb;121;51;Xe;128;54;15,106;;;;;;;;;;
Li;6;3;Sb;123;51;Xe;129;54;13,4992;;;;;;;;;;
Li;7;3;Sb;123;51;Xe;130;54;15,5047;;;;;;;;;;
B;11;5;Sb;121;51;Ba;132;56;7,3914;;;;;;;;;;
B;11;5;Sb;123;51;Ba;134;56;8,5185;;;;;;;;;;
Н;1;1;Sc;45;21;Ti;46;22;10,3498;;;;;;;;;;
D;2;1;Sc;45;21;Ti;47;22;17,0119;;;;;;;;;;
Li;7;3;Sc;45;21;Cr;52;24;29,2582;;;;;;;;;;
B;11;5;Sc;45;21;Fe;56;26;28,2168;;;;;;;;;;
N;15;7;Sc;45;21;Ni;60;28;23,5146;;;;;;;;;;
O;18;8;Sc;45;21;Cu;63;29;23,7382;;;;;;;;;;
F;19;9;Sc;45;21;Zn;64;30;23,4541;;;;;;;;;;
D;2;1;Se;77;34;Br;79;35;14,6133;;;;;;;;;;
Н;1;1;Se;78;34;Br;79;35;6,3574;;;;;;;;;;
Н;1;1;Se;80;34;Br;81;35;7,4454;;;;;;;;;;
Не;4;2;Se;74;34;Kr;78;36;4,364;;;;;;;;;;
Не;4;2;Se;76;34;Kr;80;36;5,0757;;;;;;;;;;
He;3;2;Se;77;34;Kr;80;36;18,2396;;;;;;;;;;
Не;4;2;Se;78;34;Kr;82;36;6,0249;;;;;;;;;;
He;3;2;Se;80;34;Kr;83;36;17,1497;;;;;;;;;;
Не;4;2;Se;80;34;Kr;84;36;7,0896;;;;;;;;;;
Li;7;3;Se;78;34;Rb;85;37;20,1603;;;;;;;;;;
Li;7;3;Se;80;34;Rb;87;37;21,7383;;;;;;;;;;
Be;9;4;Se;77;34;Sr;86;38;21,294;;;;;;;;;;
Be;9;4;Se;78;34;Sr;87;38;19,2298;;;;;;;;;;
B;11;5;Se;78;34;Y;89;39;19,7691;;;;;;;;;;
C;13;6;Se;77;34;Zr;90;40;17,6686;;;;;;;;;;
C;12;6;Se;78;34;Zr;90;40;12,1355;;;;;;;;;;
C;13;6;Se;78;34;Zr;91;40;14,3934;;;;;;;;;;
C;12;6;Se;80;34;Zr;92;40;11,1053;;;;;;;;;;
N;15;7;Se;78;34;Nb;93;41;10,6526;;;;;;;;;;
O;18;8;Se;74;34;Mo;92;42;14,2705;;;;;;;;;;
O;16;8;Se;76;34;Mo;92;42;7,316;;;;;;;;;;
O;18;8;Se;76;34;Mo;94;42;12,714;;;;;;;;;;
O;17;8;Se;77;34;Mo;94;42;13,3464;;;;;;;;;;
O;18;8;Se;77;34;Mo;95;42;12,4578;;;;;;;;;;
O;16;8;Se;78;34;Mo;94;42;7,0076;;;;;;;;;;
O;17;8;Se;78;34;Mo;95;42;10,0247;;;;;;;;;;
O;18;8;Se;78;34;Mo;96;42;11,1388;;;;;;;;;;
O;16;8;Se;80;34;Mo;96;42;6,4059;;;;;;;;;;
O;17;8;Se;80;34;Mo;97;42;9,2181;;;;;;;;;;
O;18;8;Se;80;34;Mo;98;42;9,4658;;;;;;;;;;
Ne;22;10;Se;74;34;Ru;96;44;5,8079;;;;;;;;;;
Ne;20;10;Se;76;34;Ru;96;44;3,7921;;;;;;;;;;
Ne;22;10;Se;76;34;Ru;98;44;4,7637;;;;;;;;;;
Ne;21;10;Se;77;34;Ru;98;44;7,7156;;;;;;;;;;
Ne;22;10;Se;77;34;Ru;99;44;4,8801;;;;;;;;;;
Ne;20;10;Se;78;34;Ru;98;44;3,9961;;;;;;;;;;
Ne;21;10;Se;78;34;Ru;99;44;4,7665;;;;;;;;;;
Ne;22;10;Se;78;34;Ru;100;44;5,3216;;;;;;;;;;
Ne;20;10;Se;80;34;Ru;100;44;5,5275;;;;;;;;;;
Ne;21;10;Se;80;34;Ru;101;44;5,8135;;;;;;;;;;
Ne;22;10;Se;80;34;Ru;102;44;3,8909;;;;;;;;;;
Na;23;11;Se;80;34;Rh;103;45;1,3833;;;;;;;;;;
Mg;25;12;Se;77;34;Pd;102;46;0,7769;;;;;;;;;;
D;2;1;Si;29;14;P;31;15;15,677;;;;;;;;;;
Н;1;1;Si;30;14;P;31;15;7,2871;;;;;;;;;;
Не;4;2;Si;28;14;S;32;16;6,9452;;;;;;;;;;
He;3;2;Si;29;14;S;32;16;19,0463;;;;;;;;;;
Не;4;2;Si;29;14;S;33;16;7,1101;;;;;;;;;;
He;3;2;Si;30;14;S;33;16;17,0743;;;;;;;;;;
Не;4;2;Si;30;14;S;34;16;7,9168;;;;;;;;;;
Li;7;3;Si;28;14;Cl;35;17;22,4276;;;;;;;;;;
Li;6;3;Si;29;14;Cl;35;17;21,2027;;;;;;;;;;
Li;7;3;Si;30;14;Cl;37;17;22,2348;;;;;;;;;;
Be;9;4;Si;29;14;Ar;38;18;24,1741;;;;;;;;;;
B;11;5;Si;28;14;K;39;19;20,9754;;;;;;;;;;
B;10;5;Si;29;14;K;39;19;23,9543;;;;;;;;;;
B;11;5;Si;29;14;K;40;19;20,2954;;;;;;;;;;
B;10;5;Si;30;14;K;40;19;21,1375;;;;;;;;;;
B;11;5;Si;30;14;K;41;19;19,7766;;;;;;;;;;
C;12;6;Si;28;14;Ca;40;20;13,3558;;;;;;;;;;
C;13;6;Si;29;14;Ca;42;20;19,7635;;;;;;;;;;
C;12;6;Si;30;14;Ca;42;20;14,0963;;;;;;;;;;
C;13;6;Si;30;14;Ca;43;20;17,0789;;;;;;;;;;
N;15;7;Si;30;14;Sc;45;21;16,7203;;;;;;;;;;
O;18;8;Si;28;14;Ti;46;22;21,8473;;;;;;;;;;
O;17;8;Si;29;14;Ti;46;22;21,4169;;;;;;;;;;
O;18;8;Si;29;14;Ti;47;22;22,2562;;;;;;;;;;
O;16;8;Si;30;14;Ti;46;22;14,944;;;;;;;;;;
O;17;8;Si;30;14;Ti;47;22;19,689;;;;;;;;;;
O;18;8;Si;30;14;Ti;48;22;23,2622;;;;;;;;;;
Ne;22;10;Si;28;14;Cr;50;24;20,736;;;;;;;;;;
Ne;21;10;Si;29;14;Cr;50;24;22,6251;;;;;;;;;;
Ne;20;10;Si;30;14;Cr;50;24;18,7715;;;;;;;;;;
Ne;22;10;Si;30;14;Cr;52;24;22,9446;;;;;;;;;;
Mg;26;12;Si;28;14;Fe;54;26;18,5339;;;;;;;;;;
Mg;25;12;Si;29;14;Fe;54;26;21,1542;;;;;;;;;;
Mg;24;12;Si;30;14;Fe;54;26;17,8707;;;;;;;;;;
Mg;26;12;Si;30;14;Fe;56;26;19,9526;;;;;;;;;;
Si;29;14;Si;29;14;Ni;58;28;16,4316;;;;;;;;;;
Si;28;14;Si;30;14;Ni;58;28;14,2947;;;;;;;;;;
Si;30;14;Si;30;14;Ni;60;28;15,5923;;;;;;;;;;
D;2;1;Sm;149;62;Eu;151;63;10,6209;;;;;;;;;;
Н;1;1;Sm;150;62;Eu;151;63;4,8484;;;;;;;;;;
Н;1;1;Sm;152;62;Eu;153;63;6,0128;;;;;;;;;;
He;3;2;Sm;149;62;Gd;152;64;12,51;;;;;;;;;;
He;3;2;Sm;152;62;Gd;155;64;12,0442;;;;;;;;;;
He;3;2;Sm;154;62;Gd;157;64;13,1341;;;;;;;;;;
Не;4;2;Sm;154;62;Gd;158;64;0,4779;;;;;;;;;;
Li;7;3;Sm;152;62;Tb;159;65;9,8226;;;;;;;;;;
Be;9;4;Sm;147;62;Dy;156;66;2,8373;;;;;;;;;;
Be;9;4;Sm;149;62;Dy;158;66;4,8028;;;;;;;;;;
Be;9;4;Sm;152;62;Dy;161;66;4,7283;;;;;;;;;;
Be;9;4;Sm;154;62;Dy;163;66;5,4269;;;;;;;;;;
B;11;5;Sm;154;62;Ho;165;67;0,9455;;;;;;;;;;
D;2;1;Sn;119;50;Sb;121;51;12,8006;;;;;;;;;;
Н;1;1;Sn;120;50;Sb;121;51;5,7799;;;;;;;;;;
Н;1;1;Sn;122;50;Sb;123;51;6,5996;;;;;;;;;;
Не;4;2;Sn;116;50;Te;120;52;0,1891;;;;;;;;;;
He;3;2;Sn;117;50;Te;120;52;13,5812;;;;;;;;;;
Не;4;2;Sn;118;50;Te;122;52;1,2976;;;;;;;;;;
He;3;2;Sn;119;50;Te;122;52;15,2951;;;;;;;;;;
Не;4;2;Sn;119;50;Te;123;52;1,6888;;;;;;;;;;
He;3;2;Sn;120;50;Te;123;52;13,0223;;;;;;;;;;
Не;4;2;Sn;120;50;Te;124;52;1,8378;;;;;;;;;;
He;3;2;Sn;122;50;Te;125;52;13,991;;;;;;;;;;
Не;4;2;Sn;122;50;Te;126;52;2,5812;;;;;;;;;;
Не;4;2;Sn;124;50;Te;128;52;2,9184;;;;;;;;;;
Li;7;3;Sn;120;50;I;127;53;12,8388;;;;;;;;;;
Be;9;4;Sn;115;50;Xe;124;54;8,9386;;;;;;;;;;
Be;9;4;Sn;117;50;Xe;126;54;10,3182;;;;;;;;;;
Be;9;4;Sn;119;50;Xe;128;54;11,2133;;;;;;;;;;
Be;9;4;Sn;120;50;Xe;129;54;8,879;;;;;;;;;;
Be;9;4;Sn;122;50;Xe;131;54;9,7891;;;;;;;;;;
B;11;5;Sn;122;50;Cs;133;55;7,1026;;;;;;;;;;
C;13;6;Sn;117;50;Ba;130;56;0,1993;;;;;;;;;;
C;13;6;Sn;119;50;Ba;132;56;1,5127;;;;;;;;;;
C;13;6;Sn;122;50;Ba;135;56;1,1122;;;;;;;;;;
C;12;6;Sn;124;50;Ba;136;56;0,8197;;;;;;;;;;
C;13;6;Sn;124;50;Ba;137;56;2,8262;;;;;;;;;;
N;14;7;Sn;124;50;La;138;57;1,5575;;;;;;;;;;
D;2;1;Sr;87;38;Y;89;39;16,3589;;;;;;;;;;
Н;1;1;Sr;88;38;Y;89;39;7,4566;;;;;;;;;;
Не;4;2;Sr;86;38;Zr;90;40;7,0263;;;;;;;;;;
He;3;2;Sr;87;38;Zr;90;40;19,1888;;;;;;;;;;
Не;4;2;Sr;87;38;Zr;91;40;5,8153;;;;;;;;;;
He;3;2;Sr;88;38;Zr;91;40;15,2672;;;;;;;;;;
Не;4;2;Sr;88;38;Zr;92;40;3,3748;;;;;;;;;;
Li;7;3;Sr;86;38;Nb;93;41;17,9266;;;;;;;;;;
Li;6;3;Sr;87;38;Nb;93;41;16,7632;;;;;;;;;;
Be;9;4;Sr;86;38;Mo;95;42;14,6487;;;;;;;;;;
Be;9;4;Sr;87;38;Mo;96;42;15,3939;;;;;;;;;;
Be;9;4;Sr;88;38;Mo;97;42;11,2208;;;;;;;;;;
C;12;6;Sr;84;38;Ru;96;44;5,3803;;;;;;;;;;
C;12;6;Sr;86;38;Ru;98;44;3,5024;;;;;;;;;;
C;13;6;Sr;86;38;Ru;99;44;6,0864;;;;;;;;;;
C;12;6;Sr;87;38;Ru;99;44;2,6175;;;;;;;;;;
C;13;6;Sr;87;38;Ru;100;44;8,5921;;;;;;;;;;
C;12;6;Sr;88;38;Ru;100;44;2,4126;;;;;;;;;;
C;13;6;Sr;88;38;Ru;101;44;4,5122;;;;;;;;;;
N;15;7;Sr;88;38;Rh;103;45;0,8551;;;;;;;;;;
O;18;8;Sr;84;38;Pd;102;46;7,0756;;;;;;;;;;
O;18;8;Sr;86;38;Pd;104;46;4,5271;;;;;;;;;;
O;17;8;Sr;87;38;Pd;104;46;4,1582;;;;;;;;;;
O;18;8;Sr;87;38;Pd;105;46;3,1764;;;;;;;;;;
O;17;8;Sr;88;38;Pd;105;46;0,0969;;;;;;;;;;
O;18;8;Sr;88;38;Pd;106;46;1,4624;;;;;;;;;;
Не;4;2;Sr*;90;38;Zr;94;40;3,5332;;;;;;;;;;
C;12;6;Sr*;90;38;Ru;102;44;3,3627;;;;;;;;;;
O;18;8;Sr*;90;38;Pd;108;46;2,3939;;;;;;;;;;
F;19;9;Sr*;90;38;Ag;109;47;0,9641;;;;;;;;;;
D;2;1;Ta;180;73;W;182;74;12,4373;;;;;;;;;;
Н;1;1;Ta;181;73;W;182;74;7,0188;;;;;;;;;;
D;2;1;Ta;181;73;W;183;74;10,9842;;;;;;;;;;
Li;6;3;Ta;180;73;Os;186;76;8,1096;;;;;;;;;;
Li;7;3;Ta;180;73;Os;187;76;7,0468;;;;;;;;;;
Li;6;3;Ta;181;73;Os;187;76;6,6565;;;;;;;;;;
Li;7;3;Ta;181;73;Os;188;76;7,4659;;;;;;;;;;
B;10;5;Ta;180;73;Pt;190;78;0,4741;;;;;;;;;;
Н;1;1;Tb;159;65;Dy;160;66;7,4007;;;;;;;;;;
D;2;1;Tb;159;65;Dy;161;66;11,599;;;;;;;;;;
Li;7;3;Tb;159;65;Er;166;68;9,8319;;;;;;;;;;
D;2;1;Te;125;52;I;127;53;13,1993;;;;;;;;;;
Н;1;1;Te;126;52;I;127;53;6,255;;;;;;;;;;
Не;4;2;Te;120;52;Xe;124;54;0,925;;;;;;;;;;
Не;4;2;Te;122;52;Xe;126;54;1,3358;;;;;;;;;;
He;3;2;Te;123;52;Xe;126;54;14,9421;;;;;;;;;;
Не;4;2;Te;124;52;Xe;128;54;1,7;;;;;;;;;;
He;3;2;Te;125;52;Xe;128;54;15,7534;;;;;;;;;;
Не;4;2;Te;125;52;Xe;129;54;2,0856;;;;;;;;;;
He;3;2;Te;126;52;Xe;129;54;13,4955;;;;;;;;;;
Не;4;2;Te;126;52;Xe;130;54;2,175;;;;;;;;;;
He;3;2;Te;128;52;Xe;131;54;14,5807;;;;;;;;;;
Не;4;2;Te;128;52;Xe;132;54;2,9351;;;;;;;;;;
Не;4;2;Te;130;52;Xe;134;54;3,6375;;;;;;;;;;
Li;7;3;Te;126;52;Cs;133;55;13,1872;;;;;;;;;;
Li;7;3;Te;130;52;Cs*;137;55;14,7968;;;;;;;;;;
Be;9;4;Te;123;52;Ba;132;56;10,4756;;;;;;;;;;
Be;9;4;Te;125;52;Ba;134;56;11,4537;;;;;;;;;;
Be;9;4;Te;126;52;Ba;135;56;9,1827;;;;;;;;;;
Be;9;4;Te;128;52;Ba;137;56;10,5594;;;;;;;;;;
B;10;5;Te;128;52;La;138;57;10,0965;;;;;;;;;;
B;11;5;Te;128;52;La;139;57;7,41;;;;;;;;;;
C;13;6;Te;123;52;Ce;136;58;0,4043;;;;;;;;;;
C;13;6;Te;125;52;Ce;138;58;1,9133;;;;;;;;;;
He;3;2;Th*;232;90;U*;235;92;9,6018;;;;;;;;;;
D;2;1;Ti;48;22;V;50;23;13,8653;;;;;;;;;;
Н;1;1;Ti;49;22;V;50;23;7,9429;;;;;;;;;;
D;2;1;Ti;49;22;V;51;23;16,7585;;;;;;;;;;
Н;1;1;Ti;50;22;V;51;23;8,0453;;;;;;;;;;
Не;4;2;Ti;46;22;Cr;50;24;8,5558;;;;;;;;;;
He;3;2;Ti;47;22;Cr;50;24;20,2479;;;;;;;;;;
Не;4;2;Ti;48;22;Cr;52;24;9,3494;;;;;;;;;;
He;3;2;Ti;49;22;Cr;52;24;21,7811;;;;;;;;;;
Не;4;2;Ti;49;22;Cr;53;24;9,1463;;;;;;;;;;
He;3;2;Ti;50;22;Cr;53;24;18,7873;;;;;;;;;;
Не;4;2;Ti;50;22;Cr;54;24;7,9307;;;;;;;;;;
Li;7;3;Ti;48;22;Mn;55;25;24,1248;;;;;;;;;;
Li;6;3;Ti;49;22;Mn;55;25;23,2305;;;;;;;;;;
Be;9;4;Ti;47;22;Fe;56;26;27,0245;;;;;;;;;;
Be;9;4;Ti;48;22;Fe;57;26;23,0452;;;;;;;;;;
Be;9;4;Ti;49;22;Fe;58;26;24,9463;;;;;;;;;;
B;11;5;Ti;48;22;Co;59;27;22,4145;;;;;;;;;;
B;10;5;Ti;49;22;Co;59;27;25,7241;;;;;;;;;;
B;11;5;Ti;49;22;Co*;60;27;21,7653;;;;;;;;;;
B;10;5;Ti;50;22;Co*;60;27;22,2841;;;;;;;;;;
C;12;6;Ti;46;22;Ni;58;28;16,1065;;;;;;;;;;
C;13;6;Ti;47;22;Ni;60;28;22,6623;;;;;;;;;;
C;12;6;Ti;48;22;Ni;60;28;15,9891;;;;;;;;;;
C;13;6;Ti;48;22;Ni;61;28;18,8656;;;;;;;;;;
C;12;6;Ti;49;22;Ni;61;28;15,6659;;;;;;;;;;
C;13;6;Ti;49;22;Ni;62;28;21,3089;;;;;;;;;;
C;12;6;Ti;50;22;Ni;62;28;15,3184;;;;;;;;;;
N;15;7;Ti;48;22;Cu;63;29;17,1963;;;;;;;;;;
N;14;7;Ti;49;22;Cu;63;29;20,0402;;;;;;;;;;
N;15;7;Ti;50;22;Cu;65;29;15,9397;;;;;;;;;;
O;18;8;Ti;46;22;Zn;64;30;21,0965;;;;;;;;;;
O;17;8;Ti;47;22;Zn;64;30;20,2572;;;;;;;;;;
O;16;8;Ti;48;22;Zn;64;30;12,7782;;;;;;;;;;
O;18;8;Ti;48;22;Zn;66;30;19,6173;;;;;;;;;;
O;17;8;Ti;49;22;Zn;66;30;19,5176;;;;;;;;;;
O;18;8;Ti;49;22;Zn;67;30;18,5162;;;;;;;;;;
O;16;8;Ti;50;22;Zn;66;30;12,7214;;;;;;;;;;
O;17;8;Ti;50;22;Zn;67;30;15,6258;;;;;;;;;;
O;18;8;Ti;50;22;Zn;68;30;17,7776;;;;;;;;;;
F;19;9;Ti;50;22;Ga;69;31;16,3133;;;;;;;;;;
Ne;22;10;Ti;48;22;Ge;70;32;13,9314;;;;;;;;;;
Ne;21;10;Ti;49;22;Ge;70;32;16,1512;;;;;;;;;;
Ne;20;10;Ti;50;22;Ge;70;32;11,9744;;;;;;;;;;
Ne;22;10;Ti;50;22;Ge;72;32;13,1275;;;;;;;;;;
Mg;26;12;Ti;48;22;Se;74;34;7,5349;;;;;;;;;;
Mg;25;12;Ti;49;22;Se;74;34;10,4858;;;;;;;;;;
Mg;24;12;Ti;50;22;Se;74;34;6,8791;;;;;;;;;;
Mg;26;12;Ti;50;22;Se;76;34;7,5935;;;;;;;;;;
Si;30;14;Ti;48;22;Kr;78;36;1,2491;;;;;;;;;;
Si;29;14;Ti;49;22;Kr;78;36;3,7167;;;;;;;;;;
Si;28;14;Ti;50;22;Kr;78;36;1,2566;;;;;;;;;;
Si;30;14;Ti;50;22;Kr;80;36;2,0195;;;;;;;;;;
Ar;40;18;Ti;50;22;Zr;90;40;2,6585;;;;;;;;;;
Ca;46;20;Ti;46;22;Mo;92;42;0,0298;;;;;;;;;;
Ca;43;20;Ti;49;22;Mo;92;42;0,3325;;;;;;;;;;
Н;1;1;Tl;203;81;Pb;204;82;6,6015;;;;;;;;;;
Н;1;1;Tl;205;81;Pb;206;82;7,3038;;;;;;;;;;
D;2;1;Tl;205;81;Pb;207;82;11,7983;;;;;;;;;;
Н;1;1;Tm;169;69;Yb;170;70;6,7952;;;;;;;;;;
D;2;1;Tm;169;69;Yb;171;70;11,1518;;;;;;;;;;
Li;7;3;Tm;169;69;Hf;176;72;8,1087;;;;;;;;;;
D;2;1;V;50;23;Cr;52;24;19,3313;;;;;;;;;;
Н;1;1;V;51;23;Cr;52;24;10,5156;;;;;;;;;;
D;2;1;V;51;23;Cr;53;24;16,235;;;;;;;;;;
Не;4;2;V;51;23;Mn;55;25;7,9429;;;;;;;;;;
Li;6;3;V;50;23;Fe;56;26;25,4847;;;;;;;;;;
Li;7;3;V;50;23;Fe;57;26;25,8732;;;;;;;;;;
Li;6;3;V;51;23;Fe;57;26;22,0857;;;;;;;;;;
Li;7;3;V;51;23;Fe;58;26;24,8811;;;;;;;;;;
Be;9;4;V;50;23;Co;59;27;24,3688;;;;;;;;;;
Be;9;4;V;51;23;Co*;60;27;20,8263;;;;;;;;;;
B;10;5;V;50;23;Ni;60;28;27,3123;;;;;;;;;;
B;11;5;V;50;23;Ni;61;28;23,6795;;;;;;;;;;
B;10;5;V;51;23;Ni;61;28;24,0959;;;;;;;;;;
B;11;5;V;51;23;Ni;62;28;23,2296;;;;;;;;;;
C;13;6;V;50;23;Cu;63;29;19,4906;;;;;;;;;;
C;12;6;V;51;23;Cu;63;29;13,3977;;;;;;;;;;
N;14;7;V;50;23;Zn;64;30;19,8054;;;;;;;;;;
N;15;7;V;51;23;Zn;66;30;16,8023;;;;;;;;;;
O;18;8;V;51;23;Ga;69;31;16,2602;;;;;;;;;;
F;19;9;V;51;23;Ge;70;32;16,7725;;;;;;;;;;
Na;23;11;V;51;23;Se;74;34;10,5268;;;;;;;;;;
Al;27;13;V;51;23;Kr;78;36;4,7925;;;;;;;;;;
D;2;1;W;183;74;Re;185;75;10,593;;;;;;;;;;
Н;1;1;W;184;74;Re;185;75;5,398;;;;;;;;;;
Н;1;1;W;186;74;Re;187;75;5,7799;;;;;;;;;;
He;3;2;W;183;74;Os;186;76;11,5319;;;;;;;;;;
He;3;2;W;184;74;Os;187;76;10,3023;;;;;;;;;;
He;3;2;W;186;74;Os;189;76;11,2897;;;;;;;;;;
Li;7;3;W;184;74;Ir;191;77;5,724;;;;;;;;;;
Li;7;3;W;186;74;Ir;193;77;6,581;;;;;;;;;;
Be;9;4;W;183;74;Pt;192;78;0,9743;;;;;;;;;;
Be;9;4;W;186;74;Pt;195;78;1,5891;;;;;;;;;;
D;2;1;Xe;131;54;Cs;133;55;13,1331;;;;;;;;;;
Н;1;1;Xe;132;54;Cs;133;55;6,4245;;;;;;;;;;
Н;1;1;Xe;136;54;Cs*;137;55;7,6625;;;;;;;;;;
Не;4;2;Xe;126;54;Ba;130;56;0,5328;;;;;;;;;;
Не;4;2;Xe;128;54;Ba;132;56;0,9511;;;;;;;;;;
He;3;2;Xe;129;54;Ba;132;56;14,6189;;;;;;;;;;
Не;4;2;Xe;130;54;Ba;134;56;1,6795;;;;;;;;;;
He;3;2;Xe;131;54;Ba;134;56;15,6556;;;;;;;;;;
Не;4;2;Xe;131;54;Ba;135;56;1,9748;;;;;;;;;;
He;3;2;Xe;132;54;Ba;135;56;13,6203;;;;;;;;;;
Не;4;2;Xe;132;54;Ba;136;56;2,2402;;;;;;;;;;
He;3;2;Xe;134;54;Ba;137;56;14,7809;;;;;;;;;;
Не;4;2;Xe;134;54;Ba;138;56;2,7861;;;;;;;;;;
Li;7;3;Xe;131;54;La;138;57;13,3036;;;;;;;;;;
Li;6;3;Xe;132;54;La;138;57;11,6232;;;;;;;;;;
Li;7;3;Xe;132;54;La;139;57;13,1406;;;;;;;;;;
Be;9;4;Xe;129;54;Ce;138;58;10,4793;;;;;;;;;;
Be;9;4;Xe;131;54;Ce;140;58;10,6684;;;;;;;;;;
B;11;5;Xe;130;54;Pr;141;59;5,0534;;;;;;;;;;
B;10;5;Xe;131;54;Pr;141;59;9,9074;;;;;;;;;;
C;13;6;Xe;129;54;Nd;142;60;0,6148;;;;;;;;;;
Н;1;1;Y;89;39;Zr;90;40;8,3229;;;;;;;;;;
D;2;1;Y;89;39;Zr;91;40;13,3036;;;;;;;;;;
Не;4;2;Y;89;39;Nb;93;41;1,8751;;;;;;;;;;
Li;6;3;Y;89;39;Mo;95;42;13,8196;;;;;;;;;;
Li;7;3;Y;89;39;Mo;96;42;15,7283;;;;;;;;;;
B;10;5;Y;89;39;Ru;99;44;11,4471;;;;;;;;;;
B;11;5;Y;89;39;Ru;100;44;10,9125;;;;;;;;;;
N;15;7;Y;89;39;Pd;104;46;1,8425;;;;;;;;;;
D;2;1;Yb;173;70;Lu;175;71;10,7234;;;;;;;;;;
Н;1;1;Yb;174;70;Lu;175;71;5,547;;;;;;;;;;
D;2;1;Yb;174;70;Lu;176;71;9,6708;;;;;;;;;;
He;3;2;Yb;171;70;Hf;174;72;11,4108;;;;;;;;;;
He;3;2;Yb;173;70;Hf;176;72;11,8113;;;;;;;;;;
He;3;2;Yb;174;70;Hf;177;72;10,7774;;;;;;;;;;
He;3;2;Yb;176;70;Hf;179;72;11,8765;;;;;;;;;;
Li;7;3;Yb;173;70;Ta;180;73;6,3202;;;;;;;;;;
Li;6;3;Yb;174;70;Ta;180;73;6,1721;;;;;;;;;;
Li;7;3;Yb;174;70;Ta;181;73;6,5624;;;;;;;;;;
Be;9;4;Yb;171;70;W;180;74;1,5705;;;;;;;;;;
Be;9;4;Yb;173;70;W;182;74;2,0642;;;;;;;;;;
Be;9;4;Yb;174;70;W;183;74;0,8532;;;;;;;;;;
D;2;1;Zn;67;30;Ga;69;31;14,5024;;;;;;;;;;
Н;1;1;Zn;68;30;Ga;69;31;6,5279;;;;;;;;;;
Н;1;1;Zn;70;30;Ga;71;31;7,7621;;;;;;;;;;
Не;4;2;Zn;66;30;Ge;70;32;3,9812;;;;;;;;;;
He;3;2;Zn;67;30;Ge;70;32;17,514;;;;;;;;;;
Не;4;2;Zn;68;30;Ge;72;32;5,017;;;;;;;;;;
He;3;2;Zn;70;30;Ge;73;32;16,7837;;;;;;;;;;
Не;4;2;Zn;70;30;Ge;74;32;6,3351;;;;;;;;;;
Li;7;3;Zn;68;30;As;75;33;17,9685;;;;;;;;;;
Be;9;4;Zn;67;30;Se;76;34;18,7286;;;;;;;;;;
Be;9;4;Zn;68;30;Se;77;34;15,9444;;;;;;;;;;
B;11;5;Zn;68;30;Br;79;35;14,7381;;;;;;;;;;
B;11;5;Zn;70;30;Br;81;35;17,0547;;;;;;;;;;
C;12;6;Zn;66;30;Kr;78;36;5,2909;;;;;;;;;;
C;13;6;Zn;67;30;Kr;80;36;13,1527;;;;;;;;;;
C;12;6;Zn;68;30;Kr;80;36;7,9009;;;;;;;;;;
C;12;6;Zn;70;30;Kr;82;36;11,0522;;;;;;;;;;
C;13;6;Zn;70;30;Kr;83;36;13,5728;;;;;;;;;;
N;15;7;Zn;70;30;Rb;85;37;12,8043;;;;;;;;;;
O;18;8;Zn;66;30;Sr;84;38;11,0214;;;;;;;;;;
O;17;8;Zn;67;30;Sr;84;38;12,0228;;;;;;;;;;
O;16;8;Zn;68;30;Sr;84;38;5,9653;;;;;;;;;;
O;18;8;Zn;68;30;Sr;86;38;13,7535;;;;;;;;;;
O;16;8;Zn;70;30;Sr;86;38;10,2492;;;;;;;;;;
O;17;8;Zn;70;30;Sr;87;38;14,5239;;;;;;;;;;
O;18;8;Zn;70;30;Sr;88;38;17,6034;;;;;;;;;;
F;19;9;Zn;70;30;Y;89;39;17,0678;;;;;;;;;;
Ne;22;10;Zn;68;30;Zr;90;40;11,1127;;;;;;;;;;
Ne;20;10;Zn;70;30;Zr;90;40;12,5472;;;;;;;;;;
Ne;21;10;Zn;70;30;Zr;91;40;12,9915;;;;;;;;;;
Ne;22;10;Zn;70;30;Zr;92;40;11,3111;;;;;;;;;;
Na;23;11;Zn;70;30;Nb;93;41;8,4775;;;;;;;;;;
Mg;26;12;Zn;66;30;Mo;92;42;2,1881;;;;;;;;;;
Mg;25;12;Zn;67;30;Mo;92;42;6,2401;;;;;;;;;;
Mg;24;12;Zn;68;30;Mo;92;42;3,372;;;;;;;;;;
Mg;26;12;Zn;68;30;Mo;94;42;2,5299;;;;;;;;;;
Mg;24;12;Zn;70;30;Mo;94;42;5,2657;;;;;;;;;;
Mg;25;12;Zn;70;30;Mo;95;42;5,0934;;;;;;;;;;
Mg;26;12;Zn;70;30;Mo;96;42;3,1568;;;;;;;;;;
D;2;1;Zr;91;40;Nb;93;41;12,4187;;;;;;;;;;
Н;1;1;Zr;92;40;Nb;93;41;5,9569;;;;;;;;;;
Не;4;2;Zr;90;40;Mo;94;42;2,0335;;;;;;;;;;
He;3;2;Zr;91;40;Mo;94;42;15,4069;;;;;;;;;;
Не;4;2;Zr;91;40;Mo;95;42;1,9869;;;;;;;;;;
He;3;2;Zr;92;40;Mo;95;42;13,8793;;;;;;;;;;
Не;4;2;Zr;92;40;Mo;96;42;2,4619;;;;;;;;;;
He;3;2;Zr;94;40;Mo;97;42;15,2951;;;;;;;;;;
Не;4;2;Zr;94;40;Mo;98;42;3,0115;;;;;;;;;;
Не;4;2;Zr;96;40;Mo;100;42;3,0115;;;;;;;;;;
Be;9;4;Zr;90;40;Ru;99;44;9,7118;;;;;;;;;;
Be;9;4;Zr;91;40;Ru;100;44;13,4284;;;;;;;;;;
Be;9;4;Zr;92;40;Ru;101;44;11,789;;;;;;;;;;
B;11;5;Zr;92;40;Rh;103;45;8,4719;;;;;;;;;;
C;13;6;Zr;91;40;Pd;104;46;4,6985;;;;;;;;;;
C;12;6;Zr;92;40;Pd;104;46;0,9594;;;;;;;;;;
C;13;6;Zr;92;40;Pd;105;46;3,0777;;;;;;;;;;
C;12;6;Zr;94;40;Pd;106;46;2,7386;;;;;;;;;;
C;12;6;Zr;96;40;Pd;108;46;3,9868;;;;;;;;;;
N;15;7;Zr;94;40;Ag;109;47;1,442;;;;;;;;;;
O;17;8;Zr;91;40;Cd;108;48;0,3577;;;;;;;;;;
O;18;8;Zr;92;40;Cd;110;48;0,7266;;;;;;;;;;
O;17;8;Zr;94;40;Cd;111;48;0,7117;;;;;;;;;;
O;18;8;Zr;94;40;Cd;112;48;2,2915;;;;;;;;;;
O;16;8;Zr;96;40;Cd;112;48;0,2562;;;;;;;;;;
O;17;8;Zr;96;40;Cd;113;48;2,5374;;;;;;;;;;
O;18;8;Zr;96;40;Cd;114;48;3,5304;;;;;;;;;;
F;19;9;Zr;94;40;In;113;49;0,2468;;;;;;;;;;
F;19;9;Zr;96;40;In;115;49;2,3613;;;;;;;;;;
D;2;1;Не;4;2;Li;6;3;1,4708;;;;;;;;;;
